Valor,Year,Lag_1,Lag_12,MA_4,MA_12,Month_sin,Month_cos,Mes_Aug,Mes_Dec,Mes_Feb,Mes_Jan,Mes_Jul,Mes_Jun,Mes_Mar,Mes_May,Mes_Nov,Mes_Oct,Mes_Sep,Fecha
0.3212121212121213,0.0,0.1636363636363637,0.15151515151515155,0.1306755260243634,0.0,0.75,0.9330127018922194,0.0,0.0,0.0,1.0,0.0,0.0,0.0,0.0,0.0,0.0,0.0,1996-01-01
0.296969696969697,0.0,0.3212121212121213,0.2787878787878788,0.09523809523809534,0.002664298401420795,0.9330127018922193,0.75,0.0,0.0,1.0,0.0,0.0,0.0,0.0,0.0,0.0,0.0,0.0,1996-02-01
0.45151515151515154,0.0,0.296969696969697,0.2727272727272727,0.12846068660022159,0.028863232682060258,1.0,0.5,0.0,0.0,0.0,0.0,0.0,0.0,1.0,0.0,0.0,0.0,0.0,1996-03-01
0.39393939393939403,0.0,0.45151515151515154,0.10000000000000003,0.21262458471760803,0.07193605683836579,0.9330127018922194,0.2500000000000001,0.0,0.0,0.0,0.0,0.0,0.0,0.0,0.0,0.0,0.0,0.0,1996-04-01
0.30000000000000004,0.0,0.39393939393939403,0.18181818181818188,0.2048726467331119,0.0892539964476019,0.75,0.06698729810778065,0.0,0.0,0.0,0.0,0.0,0.0,0.0,1.0,0.0,0.0,0.0,1996-05-01
0.30606060606060614,0.0,0.30000000000000004,0.2151515151515152,0.20819490586932443,0.10257548845470688,0.5000000000000001,0.0,0.0,0.0,0.0,0.0,0.0,1.0,0.0,0.0,0.0,0.0,0.0,1996-06-01
0.5,0.0,0.30606060606060614,0.26969696969696966,0.2259136212624585,0.1363232682060388,0.2500000000000001,0.06698729810778059,0.0,0.0,0.0,0.0,1.0,0.0,0.0,0.0,0.0,0.0,0.0,1996-07-01
0.46363636363636374,0.0,0.5,0.2666666666666667,0.25138427464008883,0.16518650088809939,0.06698729810778081,0.24999999999999978,1.0,0.0,0.0,0.0,0.0,0.0,0.0,0.0,0.0,0.0,0.0,1996-08-01
0.3303030303030303,0.0,0.46363636363636374,0.2333333333333334,0.2624584717607974,0.17939609236234466,0.0,0.4999999999999999,0.0,0.0,0.0,0.0,0.0,0.0,0.0,0.0,0.0,0.0,1.0,1996-09-01
0.4666666666666667,0.0,0.3303030303030303,0.39393939393939403,0.32115171650055363,0.19005328596802828,0.0669872981077807,0.75,0.0,0.0,0.0,0.0,0.0,0.0,0.0,0.0,0.0,1.0,0.0,1996-10-01
0.5060606060606061,0.0,0.4666666666666667,0.3606060606060606,0.32336655592469554,0.21136767317939598,0.24999999999999978,0.9330127018922192,0.0,0.0,0.0,0.0,0.0,0.0,0.0,0.0,1.0,0.0,0.0,1996-11-01
0.3424242424242425,0.0,0.5060606060606061,0.1636363636363637,0.27906976744186063,0.23756660746003522,0.4999999999999999,1.0,0.0,1.0,0.0,0.0,0.0,0.0,0.0,0.0,0.0,0.0,0.0,1996-12-01
0.3424242424242425,0.043478260869562746,0.3424242424242425,0.3212121212121213,0.283499446290144,0.24067495559502639,0.75,0.9330127018922194,0.0,0.0,0.0,1.0,0.0,0.0,0.0,0.0,0.0,0.0,0.0,1997-01-01
0.406060606060606,0.043478260869562746,0.3424242424242425,0.296969696969697,0.26135105204872655,0.25666074600355226,0.9330127018922193,0.75,0.0,0.0,1.0,0.0,0.0,0.0,0.0,0.0,0.0,0.0,0.0,1997-02-01
0.4727272727272728,0.043478260869562746,0.406060606060606,0.45151515151515154,0.24916943521594703,0.2597690941385432,1.0,0.5,0.0,0.0,0.0,0.0,0.0,0.0,1.0,0.0,0.0,0.0,0.0,1997-03-01
0.4484848484848486,0.043478260869562746,0.4727272727272728,0.39393939393939403,0.2879291251384276,0.2677619893428064,0.9330127018922194,0.2500000000000001,0.0,0.0,0.0,0.0,0.0,0.0,0.0,0.0,0.0,0.0,0.0,1997-04-01
0.44545454545454544,0.043478260869562746,0.4484848484848486,0.30000000000000004,0.32558139534883723,0.28907637655417384,0.75,0.06698729810778065,0.0,0.0,0.0,0.0,0.0,0.0,0.0,1.0,0.0,0.0,0.0,1997-05-01
0.36363636363636365,0.043478260869562746,0.44545454545454544,0.30606060606060614,0.3100775193798452,0.2975133214920068,0.5000000000000001,0.0,0.0,0.0,0.0,0.0,0.0,1.0,0.0,0.0,0.0,0.0,0.0,1997-06-01
0.3909090909090909,0.043478260869562746,0.36363636363636365,0.5,0.28017718715393125,0.28152753108348116,0.2500000000000001,0.06698729810778059,0.0,0.0,0.0,0.0,1.0,0.0,0.0,0.0,0.0,0.0,0.0,1997-07-01
0.37575757575757573,0.043478260869562746,0.3909090909090909,0.46363636363636374,0.2535991140642304,0.26865008880994645,0.06698729810778081,0.24999999999999978,1.0,0.0,0.0,0.0,0.0,0.0,0.0,0.0,0.0,0.0,0.0,1997-08-01
0.4696969696969697,0.043478260869562746,0.37575757575757573,0.3303030303030303,0.2624584717607974,0.28907637655417384,0.0,0.4999999999999999,0.0,0.0,0.0,0.0,0.0,0.0,0.0,0.0,0.0,0.0,1.0,1997-09-01
0.5515151515151515,0.043478260869562746,0.4696969696969697,0.4666666666666667,0.3311184939091917,0.3015097690941385,0.0669872981077807,0.75,0.0,0.0,0.0,0.0,0.0,0.0,0.0,0.0,0.0,1.0,0.0,1997-10-01
0.5272727272727272,0.043478260869562746,0.5515151515151515,0.5060606060606061,0.38095238095238104,0.30461811722912946,0.24999999999999978,0.9330127018922192,0.0,0.0,0.0,0.0,0.0,0.0,0.0,0.0,1.0,0.0,0.0,1997-11-01
0.296969696969697,0.043478260869562746,0.5272727272727272,0.3424242424242425,0.3521594684385382,0.2979573712255771,0.4999999999999999,1.0,0.0,1.0,0.0,0.0,0.0,0.0,0.0,0.0,0.0,0.0,0.0,1997-12-01
0.26363636363636367,0.08695652173912549,0.296969696969697,0.3424242424242425,0.2768549280177187,0.28641207815275294,0.75,0.9330127018922194,0.0,0.0,0.0,1.0,0.0,0.0,0.0,0.0,0.0,0.0,0.0,1998-01-01
0.3727272727272728,0.08695652173912549,0.26363636363636367,0.406060606060606,0.2115171650055372,0.28152753108348116,0.9330127018922193,0.75,0.0,0.0,1.0,0.0,0.0,0.0,0.0,0.0,0.0,0.0,0.0,1998-02-01
0.3848484848484849,0.08695652173912549,0.3727272727272728,0.4727272727272728,0.15946843853820603,0.26865008880994645,1.0,0.5,0.0,0.0,0.0,0.0,0.0,0.0,1.0,0.0,0.0,0.0,0.0,1998-03-01
0.29393939393939394,0.08695652173912549,0.3848484848484849,0.4484848484848486,0.1583610188261353,0.2460035523978682,0.9330127018922194,0.2500000000000001,0.0,0.0,0.0,0.0,0.0,0.0,0.0,0.0,0.0,0.0,0.0,1998-04-01
0.5363636363636364,0.08695652173912549,0.29393939393939394,0.44545454545454544,0.258028792912514,0.2593250444049734,0.75,0.06698729810778065,0.0,0.0,0.0,0.0,0.0,0.0,0.0,1.0,0.0,0.0,0.0,1998-05-01
0.493939393939394,0.08695652173912549,0.5363636363636364,0.36363636363636365,0.30232558139534904,0.27841918294849,0.5000000000000001,0.0,0.0,0.0,0.0,0.0,0.0,1.0,0.0,0.0,0.0,0.0,0.0,1998-06-01
0.4818181818181818,0.08695652173912549,0.493939393939394,0.3909090909090909,0.33776301218161675,0.29174067495559475,0.2500000000000001,0.06698729810778059,0.0,0.0,0.0,0.0,1.0,0.0,0.0,0.0,0.0,0.0,0.0,1998-07-01
0.596969696969697,0.08695652173912549,0.4818181818181818,0.37575757575757573,0.44850498338870437,0.3241563055062163,0.06698729810778081,0.24999999999999978,1.0,0.0,0.0,0.0,0.0,0.0,0.0,0.0,0.0,0.0,0.0,1998-08-01
0.5303030303030304,0.08695652173912549,0.596969696969697,0.4696969696969697,0.4462901439645627,0.33303730017761957,0.0,0.4999999999999999,0.0,0.0,0.0,0.0,0.0,0.0,0.0,0.0,0.0,0.0,1.0,1998-09-01
0.5727272727272728,0.08695652173912549,0.5303030303030304,0.5515151515151515,0.4750830564784053,0.33614564831261096,0.0669872981077807,0.75,0.0,0.0,0.0,0.0,0.0,0.0,0.0,0.0,0.0,1.0,0.0,1998-10-01
0.6545454545454547,0.08695652173912549,0.5727272727272728,0.5272727272727272,0.5382059800664453,0.3547957371225573,0.24999999999999978,0.9330127018922192,0.0,0.0,0.0,0.0,0.0,0.0,0.0,0.0,1.0,0.0,0.0,1998-11-01
0.5272727272727272,0.08695652173912549,0.6545454545454547,0.296969696969697,0.5127353266888152,0.38854351687388966,0.4999999999999999,1.0,0.0,1.0,0.0,0.0,0.0,0.0,0.0,0.0,0.0,0.0,0.0,1998-12-01
0.49696969696969695,0.13043478260868824,0.5272727272727272,0.26363636363636367,0.5005537098560354,0.42273534635879184,0.75,0.9330127018922194,0.0,0.0,0.0,1.0,0.0,0.0,0.0,0.0,0.0,0.0,0.0,1999-01-01
0.4606060606060606,0.13043478260868824,0.49696969696969695,0.3727272727272728,0.45957918050941327,0.43561278863232633,0.9330127018922193,0.75,0.0,0.0,1.0,0.0,0.0,0.0,0.0,0.0,0.0,0.0,0.0,1999-02-01
0.6727272727272727,0.13043478260868824,0.4606060606060606,0.3848484848484849,0.46622369878183834,0.4777975133214919,1.0,0.5,0.0,0.0,0.0,0.0,0.0,0.0,1.0,0.0,0.0,0.0,0.0,1999-03-01
0.4545454545454546,0.13043478260868824,0.6727272727272727,0.29393939393939394,0.43964562569213717,0.5013321492007102,0.9330127018922194,0.2500000000000001,0.0,0.0,0.0,0.0,0.0,0.0,0.0,0.0,0.0,0.0,0.0,1999-04-01
0.6181818181818182,0.13043478260868824,0.4545454545454546,0.5363636363636364,0.4839424141749723,0.5133214920071046,0.75,0.06698729810778065,0.0,0.0,0.0,0.0,0.0,0.0,0.0,1.0,0.0,0.0,0.0,1999-05-01
0.603030303030303,0.13043478260868824,0.6181818181818182,0.493939393939394,0.5359911406423036,0.5293072824156303,0.5000000000000001,0.0,0.0,0.0,0.0,0.0,0.0,1.0,0.0,0.0,0.0,0.0,0.0,1999-06-01
0.696969696969697,0.13043478260868824,0.603030303030303,0.4818181818181818,0.5448504983388706,0.5608348134991118,0.2500000000000001,0.06698729810778059,0.0,0.0,0.0,0.0,1.0,0.0,0.0,0.0,0.0,0.0,0.0,1999-07-01
0.7363636363636363,0.13043478260868824,0.696969696969697,0.596969696969697,0.6478405315614618,0.581261101243339,0.06698729810778081,0.24999999999999978,1.0,0.0,0.0,0.0,0.0,0.0,0.0,0.0,0.0,0.0,0.0,1999-08-01
0.693939393939394,0.13043478260868824,0.7363636363636363,0.5303030303030304,0.6755260243632336,0.6052397868561276,0.0,0.4999999999999999,0.0,0.0,0.0,0.0,0.0,0.0,0.0,0.0,0.0,0.0,1.0,1999-09-01
0.7696969696969698,0.13043478260868824,0.693939393939394,0.5727272727272728,0.7364341085271319,0.6341030195381882,0.0669872981077807,0.75,0.0,0.0,0.0,0.0,0.0,0.0,0.0,0.0,0.0,1.0,0.0,1999-10-01
0.8484848484848486,0.13043478260868824,0.7696969696969698,0.6545454545454547,0.7918050941306755,0.6625222024866785,0.24999999999999978,0.9330127018922192,0.0,0.0,0.0,0.0,0.0,0.0,0.0,0.0,1.0,0.0,0.0,1999-11-01
0.8,0.13043478260868824,0.8484848484848486,0.5272727272727272,0.8150609080841639,0.7024866785079925,0.4999999999999999,1.0,0.0,1.0,0.0,0.0,0.0,0.0,0.0,0.0,0.0,0.0,0.0,1999-12-01
0.6696969696969698,0.1739130434782652,0.8,0.49696969696969695,0.8062015503875971,0.7277975133214919,0.75,0.9330127018922194,0.0,0.0,0.0,1.0,0.0,0.0,0.0,0.0,0.0,0.0,0.0,2000-01-01
0.8545454545454547,0.1739130434782652,0.6696969696969698,0.4606060606060606,0.8372093023255812,0.7855239786856124,0.9330127018922193,0.75,0.0,0.0,1.0,0.0,0.0,0.0,0.0,0.0,0.0,0.0,0.0,2000-02-01
1.0,0.1739130434782652,0.8545454545454547,0.6727272727272727,0.892580287929125,0.8334813499111896,1.0,0.5,0.0,0.0,0.0,0.0,0.0,0.0,1.0,0.0,0.0,0.0,0.0,2000-03-01
0.7515151515151515,0.1739130434782652,1.0,0.4545454545454546,0.8748615725359911,0.8769982238010655,0.9330127018922194,0.2500000000000001,0.0,0.0,0.0,0.0,0.0,0.0,0.0,0.0,0.0,0.0,0.0,2000-04-01
0.8515151515151516,0.1739130434782652,0.7515151515151515,0.6181818181818182,0.941306755260244,0.9111900532859677,0.75,0.06698729810778065,0.0,0.0,0.0,0.0,0.0,0.0,0.0,1.0,0.0,0.0,0.0,2000-05-01
0.6818181818181819,0.1739130434782652,0.8515151515151516,0.603030303030303,0.8781838316722036,0.9227353463587921,0.5000000000000001,0.0,0.0,0.0,0.0,0.0,0.0,1.0,0.0,0.0,0.0,0.0,0.0,2000-06-01
0.6545454545454547,0.1739130434782652,0.6818181818181819,0.696969696969697,0.7519379844961241,0.9165186500888097,0.2500000000000001,0.06698729810778059,0.0,0.0,0.0,0.0,1.0,0.0,0.0,0.0,0.0,0.0,0.0,2000-07-01
0.803030303030303,0.1739130434782652,0.6545454545454547,0.7363636363636363,0.7707641196013292,0.926287744227353,0.06698729810778081,0.24999999999999978,1.0,0.0,0.0,0.0,0.0,0.0,0.0,0.0,0.0,0.0,0.0,2000-08-01
0.9272727272727275,0.1739130434782652,0.803030303030303,0.693939393939394,0.7984496124031008,0.9604795737122557,0.0,0.4999999999999999,0.0,0.0,0.0,0.0,0.0,0.0,0.0,0.0,0.0,0.0,1.0,2000-09-01
0.9787878787878788,0.1739130434782652,0.9272727272727275,0.7696969696969698,0.9069767441860465,0.9911190053285964,0.0669872981077807,0.75,0.0,0.0,0.0,0.0,0.0,0.0,0.0,0.0,0.0,1.0,0.0,2000-10-01
0.9090909090909092,0.1739130434782652,0.9787878787878788,0.8484848484848486,1.0,0.9999999999999999,0.24999999999999978,0.9330127018922192,0.0,0.0,0.0,0.0,0.0,0.0,0.0,0.0,1.0,0.0,0.0,2000-11-01
0.6242424242424244,0.1739130434782652,0.9090909090909092,0.8,0.9346622369878185,0.9742451154529307,0.4999999999999999,1.0,0.0,1.0,0.0,0.0,0.0,0.0,0.0,0.0,0.0,0.0,0.0,2000-12-01
0.6060606060606061,0.21739130434782794,0.6242424242424244,0.6696969696969698,0.8172757475083058,0.964920071047957,0.75,0.9330127018922194,0.0,0.0,0.0,1.0,0.0,0.0,0.0,0.0,0.0,0.0,0.0,2001-01-01
0.5151515151515151,0.21739130434782794,0.6060606060606061,0.8545454545454547,0.6478405315614618,0.9151865008880994,0.9330127018922193,0.75,0.0,0.0,1.0,0.0,0.0,0.0,0.0,0.0,0.0,0.0,0.0,2001-02-01
0.5121212121212121,0.21739130434782794,0.5151515151515151,1.0,0.5027685492801773,0.8436944937833036,1.0,0.5,0.0,0.0,0.0,0.0,0.0,0.0,1.0,0.0,0.0,0.0,0.0,2001-03-01
0.3151515151515152,0.21739130434782794,0.5121212121212121,0.7515151515151515,0.38981173864894825,0.7797513321492003,0.9330127018922194,0.2500000000000001,0.0,0.0,0.0,0.0,0.0,0.0,0.0,0.0,0.0,0.0,0.0,2001-04-01
0.7090909090909091,0.21739130434782794,0.3151515151515152,0.8515151515151516,0.42746400885935787,0.7588809946714027,0.75,0.06698729810778065,0.0,0.0,0.0,0.0,0.0,0.0,0.0,1.0,0.0,0.0,0.0,2001-05-01
0.6060606060606061,0.21739130434782794,0.7090909090909091,0.6818181818181819,0.4606866002214839,0.7477797513321488,0.5000000000000001,0.0,0.0,0.0,0.0,0.0,0.0,1.0,0.0,0.0,0.0,0.0,0.0,2001-06-01
0.4424242424242425,0.21739130434782794,0.6060606060606061,0.6545454545454547,0.435215946843854,0.7166962699822378,0.2500000000000001,0.06698729810778059,0.0,0.0,0.0,0.0,1.0,0.0,0.0,0.0,0.0,0.0,0.0,2001-07-01
0.30606060606060614,0.21739130434782794,0.4424242424242425,0.803030303030303,0.43189368770764125,0.6438721136767315,0.06698729810778081,0.24999999999999978,1.0,0.0,0.0,0.0,0.0,0.0,0.0,0.0,0.0,0.0,0.0,2001-08-01
0.17272727272727273,0.21739130434782794,0.30606060606060614,0.9272727272727275,0.23588039867109645,0.533303730017762,0.0,0.4999999999999999,0.0,0.0,0.0,0.0,0.0,0.0,0.0,0.0,0.0,0.0,1.0,2001-09-01
0.36969696969696975,0.21739130434782794,0.17272727272727273,0.9787878787878788,0.1495016611295681,0.44404973357016,0.0669872981077807,0.75,0.0,0.0,0.0,0.0,0.0,0.0,0.0,0.0,0.0,1.0,0.0,2001-10-01
0.5666666666666667,0.21739130434782794,0.36969696969696975,0.9090909090909092,0.19490586932447407,0.3938721136767315,0.24999999999999978,0.9330127018922192,0.0,0.0,0.0,0.0,0.0,0.0,0.0,0.0,1.0,0.0,0.0,2001-11-01
0.4696969696969697,0.21739130434782794,0.5666666666666667,0.6242424242424244,0.25470653377630126,0.37122557726465344,0.4999999999999999,1.0,0.0,1.0,0.0,0.0,0.0,0.0,0.0,0.0,0.0,0.0,0.0,2001-12-01
0.593939393939394,0.2608695652173907,0.4696969696969697,0.6060606060606061,0.40863787375415284,0.36944937833037306,0.75,0.9330127018922194,0.0,0.0,0.0,1.0,0.0,0.0,0.0,0.0,0.0,0.0,0.0,2002-01-01
0.35151515151515156,0.2608695652173907,0.593939393939394,0.5151515151515151,0.40199335548172777,0.34547069271758424,0.9330127018922193,0.75,0.0,0.0,1.0,0.0,0.0,0.0,0.0,0.0,0.0,0.0,0.0,2002-02-01
0.28787878787878796,0.2608695652173907,0.35151515151515156,0.5121212121212121,0.30011074197120713,0.3126110124333922,1.0,0.5,0.0,0.0,0.0,0.0,0.0,0.0,1.0,0.0,0.0,0.0,0.0,2002-03-01
0.3030303030303031,0.2608695652173907,0.28787878787878796,0.3151515151515152,0.2392026578073091,0.3108348134991116,0.9330127018922194,0.2500000000000001,0.0,0.0,0.0,0.0,0.0,0.0,0.0,0.0,0.0,0.0,0.0,2002-04-01
0.406060606060606,0.2608695652173907,0.3030303030303031,0.7090909090909091,0.1705426356589148,0.2664298401420958,0.75,0.06698729810778065,0.0,0.0,0.0,0.0,0.0,0.0,0.0,1.0,0.0,0.0,0.0,2002-05-01
0.45757575757575764,0.2608695652173907,0.406060606060606,0.6060606060606061,0.2093023255813954,0.24467140319715786,0.5000000000000001,0.0,0.0,0.0,0.0,0.0,0.0,1.0,0.0,0.0,0.0,0.0,0.0,2002-06-01
0.49090909090909096,0.2608695652173907,0.45757575757575764,0.4424242424242425,0.283499446290144,0.2517761989342807,0.2500000000000001,0.06698729810778059,0.0,0.0,0.0,0.0,1.0,0.0,0.0,0.0,0.0,0.0,0.0,2002-07-01
0.4696969696969697,0.2608695652173907,0.49090909090909096,0.30606060606060614,0.34440753045404227,0.2757548845470691,0.06698729810778081,0.24999999999999978,1.0,0.0,0.0,0.0,0.0,0.0,0.0,0.0,0.0,0.0,0.0,2002-08-01
0.37575757575757573,0.2608695652173907,0.4696969696969697,0.17272727272727273,0.33333333333333337,0.30550621669626976,0.0,0.4999999999999999,0.0,0.0,0.0,0.0,0.0,0.0,0.0,0.0,0.0,0.0,1.0,2002-09-01
0.4181818181818182,0.2608695652173907,0.37575757575757573,0.36969696969696975,0.31893687707641216,0.3126110124333926,0.0669872981077807,0.75,0.0,0.0,0.0,0.0,0.0,0.0,0.0,0.0,0.0,1.0,0.0,2002-10-01
0.4696969696969697,0.2608695652173907,0.4181818181818182,0.5666666666666667,0.311184939091916,0.29840142095914757,0.24999999999999978,0.9330127018922192,0.0,0.0,0.0,0.0,0.0,0.0,0.0,0.0,1.0,0.0,0.0,2002-11-01
0.2181818181818182,0.2608695652173907,0.4696969696969697,0.4696969696969697,0.21926910299003333,0.26154529307282404,0.4999999999999999,1.0,0.0,1.0,0.0,0.0,0.0,0.0,0.0,0.0,0.0,0.0,0.0,2002-12-01
0.1393939393939394,0.30434782608695343,0.2181818181818182,0.593939393939394,0.13289036544850497,0.19493783303730006,0.75,0.9330127018922194,0.0,0.0,0.0,1.0,0.0,0.0,0.0,0.0,0.0,0.0,0.0,2003-01-01
0.28787878787878796,0.30434782608695343,0.1393939393939394,0.35151515151515156,0.08527131782945763,0.18561278863232678,0.9330127018922193,0.75,0.0,0.0,1.0,0.0,0.0,0.0,0.0,0.0,0.0,0.0,0.0,2003-02-01
0.3151515151515152,0.30434782608695343,0.28787878787878796,0.28787878787878796,0.02879291251384286,0.18960923623445802,1.0,0.5,0.0,0.0,0.0,0.0,0.0,0.0,1.0,0.0,0.0,0.0,0.0,2003-03-01
0.1393939393939394,0.30434782608695343,0.3151515151515152,0.3030303030303031,0.0,0.16563055062166943,0.9330127018922194,0.2500000000000001,0.0,0.0,0.0,0.0,0.0,0.0,0.0,0.0,0.0,0.0,0.0,2003-04-01
0.18181818181818188,0.30434782608695343,0.1393939393939394,0.406060606060606,0.015503875968992387,0.1327708703374778,0.75,0.06698729810778065,0.0,0.0,0.0,0.0,0.0,0.0,0.0,1.0,0.0,0.0,0.0,2003-05-01
0.290909090909091,0.30434782608695343,0.18181818181818188,0.45757575757575764,0.01661129568106312,0.10834813499111895,0.5000000000000001,0.0,0.0,0.0,0.0,0.0,0.0,1.0,0.0,0.0,0.0,0.0,0.0,2003-06-01
0.37575757575757573,0.30434782608695343,0.290909090909091,0.49090909090909096,0.03875968992248069,0.09147424511545277,0.2500000000000001,0.06698729810778059,0.0,0.0,0.0,0.0,1.0,0.0,0.0,0.0,0.0,0.0,0.0,2003-07-01
0.4,0.30434782608695343,0.37575757575757573,0.4696969696969697,0.13399778516057603,0.08126110124333918,0.06698729810778081,0.24999999999999978,1.0,0.0,0.0,0.0,0.0,0.0,0.0,0.0,0.0,0.0,0.0,2003-08-01
0.4121212121212122,0.30434782608695343,0.4,0.37575757575757573,0.21816168327796237,0.08658969804618122,0.0,0.4999999999999999,0.0,0.0,0.0,0.0,0.0,0.0,0.0,0.0,0.0,0.0,1.0,2003-09-01
0.6878787878787879,0.30434782608695343,0.4121212121212122,0.4181818181818182,0.36323366555924685,0.12611012433392543,0.0669872981077807,0.75,0.0,0.0,0.0,0.0,0.0,0.0,0.0,0.0,0.0,1.0,0.0,2003-10-01
0.4787878787878789,0.30434782608695343,0.6878787878787879,0.4696969696969697,0.4008859357696567,0.12744227353463577,0.24999999999999978,0.9330127018922192,0.0,0.0,0.0,0.0,0.0,0.0,0.0,0.0,1.0,0.0,0.0,2003-11-01
0.2666666666666667,0.30434782608695343,0.4787878787878789,0.2181818181818182,0.3521594684385384,0.1345470692717584,0.4999999999999999,1.0,0.0,1.0,0.0,0.0,0.0,0.0,0.0,0.0,0.0,0.0,0.0,2003-12-01
0.3666666666666667,0.3478260869565162,0.2666666666666667,0.1393939393939394,0.3355481727574753,0.1678507992895203,0.75,0.9330127018922194,0.0,0.0,0.0,1.0,0.0,0.0,0.0,0.0,0.0,0.0,0.0,2004-01-01
0.5757575757575758,0.3478260869565162,0.3666666666666667,0.28787878787878796,0.2945736434108529,0.2100355239786854,0.9330127018922193,0.75,0.0,0.0,1.0,0.0,0.0,0.0,0.0,0.0,0.0,0.0,0.0,2004-02-01
0.5303030303030304,0.3478260869565162,0.5757575757575758,0.3151515151515152,0.3133997785160577,0.2415630550621669,1.0,0.5,0.0,0.0,0.0,0.0,0.0,0.0,1.0,0.0,0.0,0.0,0.0,2004-03-01
0.4666666666666667,0.3478260869565162,0.5303030303030304,0.1393939393939394,0.3864894795127355,0.2895204262877441,0.9330127018922194,0.2500000000000001,0.0,0.0,0.0,0.0,0.0,0.0,0.0,0.0,0.0,0.0,0.0,2004-04-01
0.4242424242424243,0.3478260869565162,0.4666666666666667,0.18181818181818188,0.407530454042082,0.32504440497335707,0.75,0.06698729810778065,0.0,0.0,0.0,0.0,0.0,0.0,0.0,1.0,0.0,0.0,0.0,2004-05-01
0.5303030303030304,0.3478260869565162,0.4242424242424243,0.290909090909091,0.39091915836101887,0.36012433392539955,0.5000000000000001,0.0,0.0,0.0,0.0,0.0,0.0,1.0,0.0,0.0,0.0,0.0,0.0,2004-06-01
0.5151515151515151,0.3478260869565162,0.5303030303030304,0.37575757575757573,0.38538205980066464,0.38055062166962694,0.2500000000000001,0.06698729810778059,0.0,0.0,0.0,0.0,1.0,0.0,0.0,0.0,0.0,0.0,0.0,2004-07-01
0.3727272727272728,0.3478260869565162,0.5151515151515151,0.4,0.35105204872646734,0.37655417406749525,0.06698729810778081,0.24999999999999978,1.0,0.0,0.0,0.0,0.0,0.0,0.0,0.0,0.0,0.0,0.0,2004-08-01
0.5484848484848486,0.3478260869565162,0.3727272727272728,0.4121212121212122,0.3964562569213733,0.3965364120781526,0.0,0.4999999999999999,0.0,0.0,0.0,0.0,0.0,0.0,0.0,0.0,0.0,0.0,1.0,2004-09-01
0.5787878787878789,0.3478260869565162,0.5484848484848486,0.6878787878787879,0.4141749723145075,0.38055062166962694,0.0669872981077807,0.75,0.0,0.0,0.0,0.0,0.0,0.0,0.0,0.0,0.0,1.0,0.0,2004-10-01
0.693939393939394,0.3478260869565162,0.5787878787878789,0.4787878787878789,0.4795127353266887,0.4120781527531082,0.24999999999999978,0.9330127018922192,0.0,0.0,0.0,0.0,0.0,0.0,0.0,0.0,1.0,0.0,0.0,2004-11-01
0.4727272727272728,0.3478260869565162,0.693939393939394,0.2666666666666667,0.5160575858250277,0.44227353463587893,0.4999999999999999,1.0,0.0,1.0,0.0,0.0,0.0,0.0,0.0,0.0,0.0,0.0,0.0,2004-12-01
0.6787878787878788,0.39130434782609314,0.4727272727272728,0.3666666666666667,0.5636766334440754,0.4880106571936055,0.75,0.9330127018922194,0.0,0.0,0.0,1.0,0.0,0.0,0.0,0.0,0.0,0.0,0.0,2005-01-01
0.8151515151515152,0.39130434782609314,0.6787878787878788,0.5757575757575758,0.6500553709856035,0.5230905861456484,0.9330127018922193,0.75,0.0,0.0,1.0,0.0,0.0,0.0,0.0,0.0,0.0,0.0,0.0,2005-02-01
0.6272727272727273,0.39130434782609314,0.8151515151515152,0.5303030303030304,0.6256921373200445,0.5373001776198935,1.0,0.5,0.0,0.0,0.0,0.0,0.0,0.0,1.0,0.0,0.0,0.0,0.0,2005-03-01
0.5242424242424243,0.39130434782609314,0.6272727272727273,0.4666666666666667,0.6445182724252493,0.545737122557726,0.9330127018922194,0.2500000000000001,0.0,0.0,0.0,0.0,0.0,0.0,0.0,0.0,0.0,0.0,0.0,2005-04-01
0.6181818181818182,0.39130434782609314,0.5242424242424243,0.4242424242424243,0.6223698781838319,0.5741563055062165,0.75,0.06698729810778065,0.0,0.0,0.0,0.0,0.0,0.0,0.0,1.0,0.0,0.0,0.0,2005-05-01
0.596969696969697,0.39130434782609314,0.6181818181818182,0.5303030303030304,0.5426356589147286,0.5839253996447599,0.5000000000000001,0.0,0.0,0.0,0.0,0.0,0.0,1.0,0.0,0.0,0.0,0.0,0.0,2005-06-01
0.5393939393939394,0.39130434782609314,0.596969696969697,0.5151515151515151,0.5105204872646733,0.5874777975133213,0.2500000000000001,0.06698729810778059,0.0,0.0,0.0,0.0,1.0,0.0,0.0,0.0,0.0,0.0,0.0,2005-07-01
0.5484848484848486,0.39130434782609314,0.5393939393939394,0.3727272727272728,0.5193798449612405,0.6132326820603907,0.06698729810778081,0.24999999999999978,1.0,0.0,0.0,0.0,0.0,0.0,0.0,0.0,0.0,0.0,0.0,2005-08-01
0.39393939393939403,0.39130434782609314,0.5484848484848486,0.5484848484848486,0.4374307862679955,0.5905861456483122,0.0,0.4999999999999999,0.0,0.0,0.0,0.0,0.0,0.0,0.0,0.0,0.0,0.0,1.0,2005-09-01
0.5303030303030304,0.39130434782609314,0.39393939393939403,0.5787878787878789,0.41306755260243644,0.5834813499111898,0.0669872981077807,0.75,0.0,0.0,0.0,0.0,0.0,0.0,0.0,0.0,0.0,1.0,0.0,2005-10-01
0.6181818181818182,0.39130434782609314,0.5303030303030304,0.693939393939394,0.4418604651162791,0.5723801065719359,0.24999999999999978,0.9330127018922192,0.0,0.0,0.0,0.0,0.0,0.0,0.0,0.0,1.0,0.0,0.0,2005-11-01
0.3303030303030303,0.39130434782609314,0.6181818181818182,0.4727272727272728,0.36212624584717623,0.5515097690941381,0.4999999999999999,1.0,0.0,1.0,0.0,0.0,0.0,0.0,0.0,0.0,0.0,0.0,0.0,2005-12-01
0.44545454545454544,0.4347826086956559,0.3303030303030303,0.6787878787878788,0.38095238095238104,0.5173179396092359,0.75,0.9330127018922194,0.0,0.0,0.0,1.0,0.0,0.0,0.0,0.0,0.0,0.0,0.0,2006-01-01
0.4484848484848486,0.4347826086956559,0.44545454545454544,0.8151515151515152,0.35105204872646734,0.46358792184724684,0.9330127018922193,0.75,0.0,0.0,1.0,0.0,0.0,0.0,0.0,0.0,0.0,0.0,0.0,2006-02-01
0.603030303030303,0.4347826086956559,0.4484848484848486,0.6272727272727273,0.3455149501661131,0.4600355239786854,1.0,0.5,0.0,0.0,0.0,0.0,0.0,0.0,1.0,0.0,0.0,0.0,0.0,2006-03-01
0.2787878787878788,0.4347826086956559,0.603030303030303,0.5242424242424243,0.3266888150609081,0.4240674955595026,0.9330127018922194,0.2500000000000001,0.0,0.0,0.0,0.0,0.0,0.0,0.0,0.0,0.0,0.0,0.0,2006-04-01
0.6696969696969698,0.4347826086956559,0.2787878787878788,0.6181818181818182,0.40863787375415284,0.4316163410301951,0.75,0.06698729810778065,0.0,0.0,0.0,0.0,0.0,0.0,0.0,1.0,0.0,0.0,0.0,2006-05-01
0.6090909090909091,0.4347826086956559,0.6696969696969698,0.596969696969697,0.4673311184939092,0.4333925399644759,0.5000000000000001,0.0,0.0,0.0,0.0,0.0,0.0,1.0,0.0,0.0,0.0,0.0,0.0,2006-06-01
0.8454545454545455,0.4347826086956559,0.6090909090909091,0.5393939393939394,0.5559246954595795,0.47824156305506216,0.2500000000000001,0.06698729810778059,0.0,0.0,0.0,0.0,1.0,0.0,0.0,0.0,0.0,0.0,0.0,2006-07-01
0.8424242424242423,0.4347826086956559,0.8454545454545455,0.5484848484848486,0.761904761904762,0.5213143872113674,0.06698729810778081,0.24999999999999978,1.0,0.0,0.0,0.0,0.0,0.0,0.0,0.0,0.0,0.0,0.0,2006-08-01
0.9030303030303031,0.4347826086956559,0.8424242424242423,0.39393939393939403,0.8471760797342193,0.5959147424511543,0.0,0.4999999999999999,0.0,0.0,0.0,0.0,0.0,0.0,0.0,0.0,0.0,0.0,1.0,2006-09-01
0.7878787878787878,0.4347826086956559,0.9030303030303031,0.5303030303030304,0.9125138427464009,0.6336589698046179,0.0669872981077807,0.75,0.0,0.0,0.0,0.0,0.0,0.0,0.0,0.0,0.0,1.0,0.0,2006-10-01
0.8424242424242423,0.4347826086956559,0.7878787878787878,0.6181818181818182,0.9114064230343298,0.6665186500888097,0.24999999999999978,0.9330127018922192,0.0,0.0,0.0,0.0,0.0,0.0,0.0,0.0,1.0,0.0,0.0,2006-11-01
0.5484848484848486,0.4347826086956559,0.8424242424242423,0.3303030303030303,0.803986710963455,0.6984902309058613,0.4999999999999999,1.0,0.0,1.0,0.0,0.0,0.0,0.0,0.0,0.0,0.0,0.0,0.0,2006-12-01
0.4484848484848486,0.4782608695652186,0.5484848484848486,0.44545454545454544,0.637873754152824,0.6989342806394315,0.75,0.9330127018922194,0.0,0.0,0.0,1.0,0.0,0.0,0.0,0.0,0.0,0.0,0.0,2007-01-01
0.5151515151515151,0.4782608695652186,0.4484848484848486,0.4484848484848486,0.5382059800664453,0.7087033747779748,0.9330127018922193,0.75,0.0,0.0,1.0,0.0,0.0,0.0,0.0,0.0,0.0,0.0,0.0,2007-02-01
0.6696969696969698,0.4782608695652186,0.5151515151515151,0.603030303030303,0.4750830564784053,0.7184724689165184,1.0,0.5,0.0,0.0,0.0,0.0,0.0,0.0,1.0,0.0,0.0,0.0,0.0,2007-03-01
0.42121212121212126,0.4782608695652186,0.6696969696969698,0.2787878787878788,0.4285714285714287,0.7393428063943158,0.9330127018922194,0.2500000000000001,0.0,0.0,0.0,0.0,0.0,0.0,0.0,0.0,0.0,0.0,0.0,2007-04-01
0.7515151515151515,0.4782608695652186,0.42121212121212126,0.6696969696969698,0.5393133997785161,0.7513321492007105,0.75,0.06698729810778065,0.0,0.0,0.0,0.0,0.0,0.0,0.0,1.0,0.0,0.0,0.0,2007-05-01
0.7727272727272727,0.4782608695652186,0.7515151515151515,0.6090909090909091,0.6334440753045404,0.7753108348134988,0.5000000000000001,0.0,0.0,0.0,0.0,0.0,0.0,1.0,0.0,0.0,0.0,0.0,0.0,2007-06-01
0.8060606060606061,0.4782608695652186,0.7727272727272727,0.8454545454545455,0.68327796234773,0.769538188277087,0.2500000000000001,0.06698729810778059,0.0,0.0,0.0,0.0,1.0,0.0,0.0,0.0,0.0,0.0,0.0,2007-07-01
0.9303030303030304,0.4782608695652186,0.8060606060606061,0.8424242424242423,0.8693244739756368,0.7824156305506215,0.06698729810778081,0.24999999999999978,1.0,0.0,0.0,0.0,0.0,0.0,0.0,0.0,0.0,0.0,0.0,2007-08-01
0.9545454545454546,0.4782608695652186,0.9303030303030304,0.9030303030303031,0.9435215946843855,0.7899644760213141,0.0,0.4999999999999999,0.0,0.0,0.0,0.0,0.0,0.0,0.0,0.0,0.0,0.0,1.0,2007-09-01
0.8363636363636364,0.4782608695652186,0.9545454545454546,0.7878787878787878,0.9667774086378739,0.7970692717584368,0.0669872981077807,0.75,0.0,0.0,0.0,0.0,0.0,0.0,0.0,0.0,0.0,1.0,0.0,2007-10-01
0.6242424242424244,0.4782608695652186,0.8363636363636364,0.8424242424242423,0.9003322259136214,0.7650976909413852,0.24999999999999978,0.9330127018922192,0.0,0.0,0.0,0.0,0.0,0.0,0.0,0.0,1.0,0.0,0.0,2007-11-01
0.16969696969696973,0.4782608695652186,0.6242424242424244,0.5484848484848486,0.6223698781838317,0.7095914742451156,0.4999999999999999,1.0,0.0,1.0,0.0,0.0,0.0,0.0,0.0,0.0,0.0,0.0,0.0,2007-12-01
0.3606060606060606,0.5217391304347814,0.16969696969696973,0.4484848484848486,0.4053156146179405,0.6967140319715807,0.75,0.9330127018922194,0.0,0.0,0.0,1.0,0.0,0.0,0.0,0.0,0.0,0.0,0.0,2008-01-01
0.5727272727272728,0.5217391304347814,0.3606060606060606,0.5151515151515151,0.3089700996677741,0.7051509769094139,0.9330127018922193,0.75,0.0,0.0,1.0,0.0,0.0,0.0,0.0,0.0,0.0,0.0,0.0,2008-02-01
0.42121212121212126,0.5217391304347814,0.5727272727272728,0.6696969696969698,0.2347729789590255,0.6687388987566606,1.0,0.5,0.0,0.0,0.0,0.0,0.0,0.0,1.0,0.0,0.0,0.0,0.0,2008-03-01
0.5,0.5217391304347814,0.42121212121212126,0.42121212121212126,0.35548172757475094,0.6802841918294847,0.9330127018922194,0.2500000000000001,0.0,0.0,0.0,0.0,0.0,0.0,0.0,0.0,0.0,0.0,0.0,2008-04-01
0.5090909090909091,0.5217391304347814,0.5,0.7515151515151515,0.4097452934662237,0.644760213143872,0.75,0.06698729810778065,0.0,0.0,0.0,0.0,0.0,0.0,0.0,1.0,0.0,0.0,0.0,2008-05-01
0.35757575757575766,0.5217391304347814,0.5090909090909091,0.7727272727272727,0.3311184939091917,0.5839253996447599,0.5000000000000001,0.0,0.0,0.0,0.0,0.0,0.0,1.0,0.0,0.0,0.0,0.0,0.0,2008-06-01
0.9212121212121211,0.5217391304347814,0.35757575757575766,0.8060606060606061,0.513842746400886,0.600799289520426,0.2500000000000001,0.06698729810778059,0.0,0.0,0.0,0.0,1.0,0.0,0.0,0.0,0.0,0.0,0.0,2008-07-01
0.9030303030303031,0.5217391304347814,0.9212121212121211,0.9303030303030304,0.6611295681063124,0.5968028419182948,0.06698729810778081,0.24999999999999978,1.0,0.0,0.0,0.0,0.0,0.0,0.0,0.0,0.0,0.0,0.0,2008-08-01
0.7515151515151515,0.5217391304347814,0.9030303030303031,0.9545454545454546,0.7497231450719825,0.5670515097690939,0.0,0.4999999999999999,0.0,0.0,0.0,0.0,0.0,0.0,0.0,0.0,0.0,0.0,1.0,2008-09-01
0.8575757575757574,0.5217391304347814,0.7515151515151515,0.8363636363636364,0.9324473975636766,0.5701598579040851,0.0669872981077807,0.75,0.0,0.0,0.0,0.0,0.0,0.0,0.0,0.0,0.0,1.0,0.0,2008-10-01
0.9272727272727275,0.5217391304347814,0.8575757575757574,0.6242424242424244,0.9346622369878185,0.6145648312611011,0.24999999999999978,0.9330127018922192,0.0,0.0,0.0,0.0,0.0,0.0,0.0,0.0,1.0,0.0,0.0,2008-11-01
0.406060606060606,0.5217391304347814,0.9272727272727275,0.16969696969696973,0.753045404208195,0.6492007104795735,0.4999999999999999,1.0,0.0,1.0,0.0,0.0,0.0,0.0,0.0,0.0,0.0,0.0,0.0,2008-12-01
0.36969696969696975,0.5652173913043441,0.406060606060606,0.3606060606060606,0.6135105204872647,0.6505328596802838,0.75,0.9330127018922194,0.0,0.0,0.0,1.0,0.0,0.0,0.0,0.0,0.0,0.0,0.0,2009-01-01
0.7272727272727273,0.5652173913043441,0.36969696969696975,0.5727272727272728,0.5658914728682171,0.6731793960923621,0.9330127018922193,0.75,0.0,0.0,1.0,0.0,0.0,0.0,0.0,0.0,0.0,0.0,0.0,2009-02-01
0.31818181818181823,0.5652173913043441,0.7272727272727273,0.42121212121212126,0.3433001107419712,0.6580817051509765,1.0,0.5,0.0,0.0,0.0,0.0,0.0,0.0,1.0,0.0,0.0,0.0,0.0,2009-03-01
0.3090909090909091,0.5652173913043441,0.31818181818181823,0.5,0.30786267995570327,0.6301065719360565,0.9330127018922194,0.2500000000000001,0.0,0.0,0.0,0.0,0.0,0.0,0.0,0.0,0.0,0.0,0.0,2009-04-01
0.4242424242424243,0.5652173913043441,0.3090909090909091,0.5090909090909091,0.32779623477297914,0.617673179396092,0.75,0.06698729810778065,0.0,0.0,0.0,0.0,0.0,0.0,0.0,1.0,0.0,0.0,0.0,2009-05-01
0.19090909090909097,0.5652173913043441,0.4242424242424243,0.35757575757575766,0.13178294573643423,0.5932504440497331,0.5000000000000001,0.0,0.0,0.0,0.0,0.0,0.0,1.0,0.0,0.0,0.0,0.0,0.0,2009-06-01
0.4,0.5652173913043441,0.19090909090909097,0.9212121212121211,0.16168327796234783,0.5168738898756658,0.2500000000000001,0.06698729810778059,0.0,0.0,0.0,0.0,1.0,0.0,0.0,0.0,0.0,0.0,0.0,2009-07-01
0.4242424242424243,0.5652173913043441,0.4,0.9030303030303031,0.20376522702104105,0.44671403197158044,0.06698729810778081,0.24999999999999978,1.0,0.0,0.0,0.0,0.0,0.0,0.0,0.0,0.0,0.0,0.0,2009-08-01
0.10000000000000003,0.5652173913043441,0.4242424242424243,0.7515151515151515,0.0852713178294574,0.3512433392539963,0.0,0.4999999999999999,0.0,0.0,0.0,0.0,0.0,0.0,0.0,0.0,0.0,0.0,1.0,2009-09-01
0.4121212121212122,0.5652173913043441,0.10000000000000003,0.8575757575757574,0.1661129568106312,0.2859680284191829,0.0669872981077807,0.75,0.0,0.0,0.0,0.0,0.0,0.0,0.0,0.0,0.0,1.0,0.0,2009-10-01
0.4121212121212122,0.5652173913043441,0.4121212121212122,0.9272727272727275,0.1705426356589148,0.21047957371225545,0.24999999999999978,0.9330127018922192,0.0,0.0,0.0,0.0,0.0,0.0,0.0,0.0,1.0,0.0,0.0,2009-11-01
0.5454545454545455,0.5652173913043441,0.4121212121212122,0.406060606060606,0.21483942414174984,0.23090586145648284,0.4999999999999999,1.0,0.0,1.0,0.0,0.0,0.0,0.0,0.0,0.0,0.0,0.0,0.0,2009-12-01
0.4787878787878789,0.6086956521739069,0.5454545454545455,0.36969696969696975,0.35326688815060925,0.24689165186500872,0.75,0.9330127018922194,0.0,0.0,0.0,1.0,0.0,0.0,0.0,0.0,0.0,0.0,0.0,2010-01-01
0.5181818181818183,0.6086956521739069,0.4787878787878789,0.7272727272727273,0.39202657807308994,0.21625222024866775,0.9330127018922193,0.75,0.0,0.0,1.0,0.0,0.0,0.0,0.0,0.0,0.0,0.0,0.0,2010-02-01
0.6424242424242425,0.6086956521739069,0.5181818181818183,0.31818181818181823,0.47619047619047616,0.2637655417406749,1.0,0.5,0.0,0.0,0.0,0.0,0.0,0.0,1.0,0.0,0.0,0.0,0.0,2010-03-01
0.5151515151515151,0.6086956521739069,0.6424242424242425,0.3090909090909091,0.4651162790697675,0.29396092362344584,0.9330127018922194,0.2500000000000001,0.0,0.0,0.0,0.0,0.0,0.0,0.0,0.0,0.0,0.0,0.0,2010-04-01
0.4696969696969697,0.6086956521739069,0.5151515151515151,0.4242424242424243,0.46179401993355496,0.3006216696269982,0.75,0.06698729810778065,0.0,0.0,0.0,0.0,0.0,0.0,0.0,1.0,0.0,0.0,0.0,2010-05-01
0.6484848484848484,0.6086956521739069,0.4696969696969697,0.19090909090909097,0.5094130675526024,0.36767317939609223,0.5000000000000001,0.0,0.0,0.0,0.0,0.0,0.0,1.0,0.0,0.0,0.0,0.0,0.0,2010-06-01
0.3303030303030303,0.6086956521739069,0.6484848484848484,0.4,0.3953488372093025,0.3574600355239784,0.2500000000000001,0.06698729810778059,0.0,0.0,0.0,0.0,1.0,0.0,0.0,0.0,0.0,0.0,0.0,2010-07-01
0.38181818181818195,0.6086956521739069,0.3303030303030303,0.4242424242424243,0.34662236987818396,0.3512433392539963,0.06698729810778081,0.24999999999999978,1.0,0.0,0.0,0.0,0.0,0.0,0.0,0.0,0.0,0.0,0.0,2010-08-01
0.5727272727272728,0.6086956521739069,0.38181818181818195,0.10000000000000003,0.3842746400885938,0.420515097690941,0.0,0.4999999999999999,0.0,0.0,0.0,0.0,0.0,0.0,0.0,0.0,0.0,0.0,1.0,2010-09-01
0.38181818181818195,0.6086956521739069,0.5727272727272728,0.4121212121212122,0.28682170542635677,0.4160746003552397,0.0669872981077807,0.75,0.0,0.0,0.0,0.0,0.0,0.0,0.0,0.0,0.0,1.0,0.0,2010-10-01
0.21212121212121215,0.6086956521739069,0.38181818181818195,0.4121212121212122,0.24363233665559247,0.38676731793960906,0.24999999999999978,0.9330127018922192,0.0,0.0,0.0,0.0,0.0,0.0,0.0,0.0,1.0,0.0,0.0,2010-11-01
0.33939393939393936,0.6086956521739069,0.21212121212121215,0.5454545454545455,0.2281284606866003,0.3565719360568381,0.4999999999999999,1.0,0.0,1.0,0.0,0.0,0.0,0.0,0.0,0.0,0.0,0.0,0.0,2010-12-01
0.42727272727272736,0.6521739130434838,0.33939393939393936,0.4787878787878789,0.1749723145071984,0.34902309058614545,0.75,0.9330127018922194,0.0,0.0,0.0,1.0,0.0,0.0,0.0,0.0,0.0,0.0,0.0,2011-01-01
0.45757575757575764,0.6521739130434838,0.42727272727272736,0.5181818181818183,0.2026578073089702,0.3401420959147424,0.9330127018922193,0.75,0.0,0.0,1.0,0.0,0.0,0.0,0.0,0.0,0.0,0.0,0.0,2011-02-01
0.4484848484848486,0.6521739130434838,0.45757575757575764,0.6424242424242425,0.28903654485049846,0.3117229129662523,1.0,0.5,0.0,0.0,0.0,0.0,0.0,0.0,1.0,0.0,0.0,0.0,0.0,2011-03-01
0.3090909090909091,0.6521739130434838,0.4484848484848486,0.5151515151515151,0.27796234772978967,0.28152753108348116,0.9330127018922194,0.2500000000000001,0.0,0.0,0.0,0.0,0.0,0.0,0.0,0.0,0.0,0.0,0.0,2011-04-01
0.5484848484848486,0.6521739130434838,0.3090909090909091,0.4696969696969697,0.3222591362126247,0.29307282415630553,0.75,0.06698729810778065,0.0,0.0,0.0,0.0,0.0,0.0,0.0,1.0,0.0,0.0,0.0,2011-05-01
0.5121212121212121,0.6521739130434838,0.5484848484848486,0.6484848484848484,0.34219269102990035,0.2730905861456482,0.5000000000000001,0.0,0.0,0.0,0.0,0.0,0.0,1.0,0.0,0.0,0.0,0.0,0.0,2011-06-01
0.2787878787878788,0.6521739130434838,0.5121212121212121,0.3303030303030303,0.2801771871539315,0.2655417406749555,0.2500000000000001,0.06698729810778059,0.0,0.0,0.0,0.0,1.0,0.0,0.0,0.0,0.0,0.0,0.0,2011-07-01
0.5090909090909091,0.6521739130434838,0.2787878787878788,0.38181818181818195,0.35326688815060925,0.28419182948490207,0.06698729810778081,0.24999999999999978,1.0,0.0,0.0,0.0,0.0,0.0,0.0,0.0,0.0,0.0,0.0,2011-08-01
0.5454545454545455,0.6521739130434838,0.5090909090909091,0.5727272727272728,0.3521594684385384,0.2801953818827708,0.0,0.4999999999999999,0.0,0.0,0.0,0.0,0.0,0.0,0.0,0.0,0.0,0.0,1.0,2011-09-01
0.42121212121212126,0.6521739130434838,0.5454545454545455,0.38181818181818195,0.31893687707641194,0.2859680284191829,0.0669872981077807,0.75,0.0,0.0,0.0,0.0,0.0,0.0,0.0,0.0,0.0,1.0,0.0,2011-10-01
0.5151515151515151,0.6521739130434838,0.42121212121212126,0.21212121212121215,0.4053156146179401,0.3303730017761989,0.24999999999999978,0.9330127018922192,0.0,0.0,0.0,0.0,0.0,0.0,0.0,0.0,1.0,0.0,0.0,2011-11-01
0.2181818181818182,0.6521739130434838,0.5151515151515151,0.33939393939393936,0.2990033222591363,0.3126110124333926,0.4999999999999999,1.0,0.0,1.0,0.0,0.0,0.0,0.0,0.0,0.0,0.0,0.0,0.0,2011-12-01
0.5393939393939394,0.6956521739130466,0.2181818181818182,0.42727272727272736,0.29678848283499437,0.3290408525754883,0.75,0.9330127018922194,0.0,0.0,0.0,1.0,0.0,0.0,0.0,0.0,0.0,0.0,0.0,2012-01-01
0.6363636363636365,0.6956521739130466,0.5393939393939394,0.45757575757575764,0.3754152823920266,0.355239786856128,0.9330127018922193,0.75,0.0,0.0,1.0,0.0,0.0,0.0,0.0,0.0,0.0,0.0,0.0,2012-02-01
0.7121212121212122,0.6956521739130466,0.6363636363636365,0.4484848484848486,0.4473975636766335,0.3938721136767317,1.0,0.5,0.0,0.0,0.0,0.0,0.0,0.0,1.0,0.0,0.0,0.0,0.0,2012-03-01
0.3484848484848485,0.6956521739130466,0.7121212121212122,0.3090909090909091,0.4950166112956812,0.39964476021314377,0.9330127018922194,0.2500000000000001,0.0,0.0,0.0,0.0,0.0,0.0,0.0,0.0,0.0,0.0,0.0,2012-04-01
0.6787878787878788,0.6956521739130466,0.3484848484848485,0.5484848484848486,0.5459579180509414,0.4187388987566606,0.75,0.06698729810778065,0.0,0.0,0.0,0.0,0.0,0.0,0.0,1.0,0.0,0.0,0.0,2012-05-01
0.812121212121212,0.6956521739130466,0.6787878787878788,0.5121212121212121,0.610188261351052,0.46269982238010654,0.5000000000000001,0.0,0.0,0.0,0.0,0.0,0.0,1.0,0.0,0.0,0.0,0.0,0.0,2012-06-01
0.8696969696969699,0.6956521739130466,0.812121212121212,0.2787878787878788,0.6677740863787377,0.5492895204262874,0.2500000000000001,0.06698729810778059,0.0,0.0,0.0,0.0,1.0,0.0,0.0,0.0,0.0,0.0,0.0,2012-07-01
0.2272727272727273,0.6956521739130466,0.8696969696969699,0.5090909090909091,0.6234772978959026,0.5079928952042626,0.06698729810778081,0.24999999999999978,1.0,0.0,0.0,0.0,0.0,0.0,0.0,0.0,0.0,0.0,0.0,2012-08-01
0.6727272727272727,0.6956521739130466,0.2272727272727273,0.5454545454545455,0.6212624584717606,0.5266429840142094,0.0,0.4999999999999999,0.0,0.0,0.0,0.0,0.0,0.0,0.0,0.0,0.0,0.0,1.0,2012-09-01
0.8151515151515152,0.6956521739130466,0.6727272727272727,0.42121212121212126,0.6223698781838319,0.5843694493783301,0.0669872981077807,0.75,0.0,0.0,0.0,0.0,0.0,0.0,0.0,0.0,0.0,1.0,0.0,2012-10-01
0.23636363636363644,0.6956521739130466,0.8151515151515152,0.5151515151515151,0.39091915836101887,0.5435168738898756,0.24999999999999978,0.9330127018922192,0.0,0.0,0.0,0.0,0.0,0.0,0.0,0.0,1.0,0.0,0.0,2012-11-01
0.406060606060606,0.6956521739130466,0.23636363636363644,0.2181818181818182,0.45625692137320073,0.5710479573712254,0.4999999999999999,1.0,0.0,1.0,0.0,0.0,0.0,0.0,0.0,0.0,0.0,0.0,0.0,2012-12-01
0.5363636363636364,0.7391304347826093,0.406060606060606,0.5393939393939394,0.40642303433001137,0.5706039076376551,0.75,0.9330127018922194,0.0,0.0,0.0,1.0,0.0,0.0,0.0,0.0,0.0,0.0,0.0,2013-01-01
0.5121212121212121,0.7391304347826093,0.5363636363636364,0.6363636363636365,0.2956810631229235,0.5523978685612784,0.9330127018922193,0.75,0.0,0.0,1.0,0.0,0.0,0.0,0.0,0.0,0.0,0.0,0.0,2013-02-01
0.45151515151515154,0.7391304347826093,0.5121212121212121,0.7121212121212122,0.37430786267995575,0.5142095914742449,1.0,0.5,0.0,0.0,0.0,0.0,0.0,0.0,1.0,0.0,0.0,0.0,0.0,2013-03-01
0.5575757575757576,0.7391304347826093,0.45151515151515154,0.3484848484848485,0.42967884828349934,0.5448490230905857,0.9330127018922194,0.2500000000000001,0.0,0.0,0.0,0.0,0.0,0.0,0.0,0.0,0.0,0.0,0.0,2013-04-01
0.290909090909091,0.7391304347826093,0.5575757575757576,0.6787878787878788,0.33997785160575844,0.4880106571936055,0.75,0.06698729810778065,0.0,0.0,0.0,0.0,0.0,0.0,0.0,1.0,0.0,0.0,0.0,2013-05-01
0.5636363636363637,0.7391304347826093,0.290909090909091,0.812121212121212,0.3588039867109635,0.45159857904085265,0.5000000000000001,0.0,0.0,0.0,0.0,0.0,0.0,1.0,0.0,0.0,0.0,0.0,0.0,2013-06-01
0.5878787878787879,0.7391304347826093,0.5636363636363637,0.8696969696969699,0.40863787375415284,0.4103019538188276,0.2500000000000001,0.06698729810778059,0.0,0.0,0.0,0.0,1.0,0.0,0.0,0.0,0.0,0.0,0.0,2013-07-01
0.5242424242424243,0.7391304347826093,0.5878787878787879,0.2272727272727273,0.3964562569213733,0.4538188277087033,0.06698729810778081,0.24999999999999978,1.0,0.0,0.0,0.0,0.0,0.0,0.0,0.0,0.0,0.0,0.0,2013-08-01
0.3030303030303031,0.7391304347826093,0.5242424242424243,0.6727272727272727,0.4008859357696569,0.39964476021314377,0.0,0.4999999999999999,0.0,0.0,0.0,0.0,0.0,0.0,0.0,0.0,0.0,0.0,1.0,2013-09-01
0.596969696969697,0.7391304347826093,0.3030303030303031,0.8151515151515152,0.41306755260243644,0.36767317939609223,0.0669872981077807,0.75,0.0,0.0,0.0,0.0,0.0,0.0,0.0,0.0,0.0,1.0,0.0,2013-10-01
0.5121212121212121,0.7391304347826093,0.596969696969697,0.23636363636363644,0.3853820598006644,0.4080817051509765,0.24999999999999978,0.9330127018922192,0.0,0.0,0.0,0.0,0.0,0.0,0.0,0.0,1.0,0.0,0.0,2013-11-01
0.1363636363636364,0.7391304347826093,0.5121212121212121,0.406060606060606,0.24363233665559247,0.36856127886323253,0.4999999999999999,1.0,0.0,1.0,0.0,0.0,0.0,0.0,0.0,0.0,0.0,0.0,0.0,2013-12-01
0.5303030303030304,0.7826086956521721,0.1363636363636364,0.5363636363636364,0.3266888150609081,0.36767317939609223,0.75,0.9330127018922194,0.0,0.0,0.0,1.0,0.0,0.0,0.0,0.0,0.0,0.0,0.0,2014-01-01
0.7454545454545456,0.7826086956521721,0.5303030303030304,0.5121212121212121,0.38095238095238104,0.4018650088809944,0.9330127018922193,0.75,0.0,0.0,1.0,0.0,0.0,0.0,0.0,0.0,0.0,0.0,0.0,2014-02-01
0.6757575757575758,0.7826086956521721,0.7454545454545456,0.45151515151515154,0.44075304540420823,0.43472468916518625,1.0,0.5,0.0,0.0,0.0,0.0,0.0,0.0,1.0,0.0,0.0,0.0,0.0,2014-03-01
0.5636363636363637,0.7826086956521721,0.6757575757575758,0.5575757575757576,0.5968992248062016,0.43561278863232655,0.9330127018922194,0.2500000000000001,0.0,0.0,0.0,0.0,0.0,0.0,0.0,0.0,0.0,0.0,0.0,2014-04-01
0.7515151515151515,0.7826086956521721,0.5636363636363637,0.290909090909091,0.6777408637873755,0.5031083481349908,0.75,0.06698729810778065,0.0,0.0,0.0,0.0,0.0,0.0,0.0,1.0,0.0,0.0,0.0,2014-05-01
0.4818181818181818,0.7826086956521721,0.7515151515151515,0.5636363636363637,0.5813953488372093,0.49111900532859665,0.5000000000000001,0.0,0.0,0.0,0.0,0.0,0.0,1.0,0.0,0.0,0.0,0.0,0.0,2014-06-01
0.37575757575757573,0.7826086956521721,0.4818181818181818,0.5878787878787879,0.47176079734219256,0.4600355239786854,0.2500000000000001,0.06698729810778059,0.0,0.0,0.0,0.0,1.0,0.0,0.0,0.0,0.0,0.0,0.0,2014-07-01
0.6272727272727273,0.7826086956521721,0.37575757575757573,0.5242424242424243,0.4950166112956812,0.47513321492007077,0.06698729810778081,0.24999999999999978,1.0,0.0,0.0,0.0,0.0,0.0,0.0,0.0,0.0,0.0,0.0,2014-08-01
0.4121212121212122,0.7826086956521721,0.6272727272727273,0.3030303030303031,0.370985603543743,0.49111900532859665,0.0,0.4999999999999999,0.0,0.0,0.0,0.0,0.0,0.0,0.0,0.0,0.0,0.0,1.0,2014-09-01
0.19696969696969702,0.7826086956521721,0.4121212121212122,0.596969696969697,0.2668881506090808,0.4325044404973356,0.0669872981077807,0.75,0.0,0.0,0.0,0.0,0.0,0.0,0.0,0.0,0.0,1.0,0.0,2014-10-01
0.40909090909090917,0.7826086956521721,0.19696969696969702,0.5121212121212121,0.2790697674418605,0.41740674955595025,0.24999999999999978,0.9330127018922192,0.0,0.0,0.0,0.0,0.0,0.0,0.0,0.0,1.0,0.0,0.0,2014-11-01
0.4181818181818182,0.7826086956521721,0.40909090909090917,0.1363636363636364,0.2026578073089702,0.45870337477797485,0.4999999999999999,1.0,0.0,1.0,0.0,0.0,0.0,0.0,0.0,0.0,0.0,0.0,0.0,2014-12-01
0.6545454545454547,0.8260869565217348,0.4181818181818182,0.5303030303030304,0.29125138427464015,0.4769094138543516,0.75,0.9330127018922194,0.0,0.0,0.0,1.0,0.0,0.0,0.0,0.0,0.0,0.0,0.0,2015-01-01
0.14242424242424245,0.8260869565217348,0.6545454545454547,0.7454545454545456,0.2713178294573645,0.38854351687388966,0.9330127018922193,0.75,0.0,0.0,1.0,0.0,0.0,0.0,0.0,0.0,0.0,0.0,0.0,2015-02-01
0.4878787878787879,0.8260869565217348,0.14242424242424245,0.6757575757575758,0.30011074197120713,0.36101243339253986,1.0,0.5,0.0,0.0,0.0,0.0,0.0,0.0,1.0,0.0,0.0,0.0,0.0,2015-03-01
0.5242424242424243,0.8260869565217348,0.4878787878787879,0.5636363636363637,0.33887043189368804,0.355239786856128,0.9330127018922194,0.2500000000000001,0.0,0.0,0.0,0.0,0.0,0.0,0.0,0.0,0.0,0.0,0.0,2015-04-01
0.4303030303030303,0.8260869565217348,0.5242424242424243,0.7515151515151515,0.25692137320044306,0.3081705150976909,0.75,0.06698729810778065,0.0,0.0,0.0,0.0,0.0,0.0,0.0,1.0,0.0,0.0,0.0,2015-05-01
0.5909090909090909,0.8260869565217348,0.4303030303030303,0.4818181818181818,0.42081949058693235,0.3241563055062163,0.5000000000000001,0.0,0.0,0.0,0.0,0.0,0.0,1.0,0.0,0.0,0.0,0.0,0.0,2015-06-01
0.4424242424242425,0.8260869565217348,0.5909090909090909,0.37575757575757573,0.40420819490586946,0.3339253996447601,0.2500000000000001,0.06698729810778059,0.0,0.0,0.0,0.0,1.0,0.0,0.0,0.0,0.0,0.0,0.0,2015-07-01
0.4787878787878789,0.8260869565217348,0.4424242424242425,0.6272727272727273,0.38759689922480633,0.31216696269982214,0.06698729810778081,0.24999999999999978,1.0,0.0,0.0,0.0,0.0,0.0,0.0,0.0,0.0,0.0,0.0,2015-08-01
0.3272727272727274,0.8260869565217348,0.4787878787878789,0.4121212121212122,0.3499446290143965,0.2997335701598577,0.0,0.4999999999999999,0.0,0.0,0.0,0.0,0.0,0.0,0.0,0.0,0.0,0.0,1.0,2015-09-01
0.31212121212121213,0.8260869565217348,0.3272727272727274,0.19696969696969702,0.24806201550387608,0.31660746003552365,0.0669872981077807,0.75,0.0,0.0,0.0,0.0,0.0,0.0,0.0,0.0,0.0,1.0,0.0,2015-10-01
0.5181818181818183,0.8260869565217348,0.31212121212121213,0.40909090909090917,0.27574750830564787,0.3325932504440493,0.24999999999999978,0.9330127018922192,0.0,0.0,0.0,0.0,0.0,0.0,0.0,0.0,1.0,0.0,0.0,2015-11-01
0.0,0.8260869565217348,0.5181818181818183,0.4181818181818182,0.10077519379844979,0.2713143872113676,0.4999999999999999,1.0,0.0,1.0,0.0,0.0,0.0,0.0,0.0,0.0,0.0,0.0,0.0,2015-12-01
0.1636363636363637,0.8695652173912976,0.0,0.6545454545454547,0.0409745293466226,0.1993783303730018,0.75,0.9330127018922194,0.0,0.0,0.0,1.0,0.0,0.0,0.0,0.0,0.0,0.0,0.0,2016-01-01
0.5727272727272728,0.8695652173912976,0.1636363636363637,0.14242424242424245,0.13621262458471772,0.26243339253996434,0.9330127018922193,0.75,0.0,0.0,1.0,0.0,0.0,0.0,0.0,0.0,0.0,0.0,0.0,2016-02-01
0.5363636363636364,0.8695652173912976,0.5727272727272728,0.4878787878787879,0.1428571428571429,0.26953818827708675,1.0,0.5,0.0,0.0,0.0,0.0,0.0,0.0,1.0,0.0,0.0,0.0,0.0,2016-03-01
0.37575757575757573,0.8695652173912976,0.5363636363636364,0.5242424242424243,0.28017718715393125,0.24777975133214902,0.9330127018922194,0.2500000000000001,0.0,0.0,0.0,0.0,0.0,0.0,0.0,0.0,0.0,0.0,0.0,2016-04-01
0.5060606060606061,0.8695652173912976,0.37575757575757573,0.4303030303030303,0.4053156146179401,0.25888099467140313,0.75,0.06698729810778065,0.0,0.0,0.0,0.0,0.0,0.0,0.0,1.0,0.0,0.0,0.0,2016-05-01
0.6575757575757576,0.8695652173912976,0.5060606060606061,0.5909090909090909,0.43632336655592485,0.26865008880994645,0.5000000000000001,0.0,0.0,0.0,0.0,0.0,0.0,1.0,0.0,0.0,0.0,0.0,0.0,2016-06-01
0.33939393939393936,0.8695652173912976,0.6575757575757576,0.4424242424242425,0.3643410852713179,0.2535523978685613,0.2500000000000001,0.06698729810778059,0.0,0.0,0.0,0.0,1.0,0.0,0.0,0.0,0.0,0.0,0.0,2016-07-01
0.17272727272727273,0.8695652173912976,0.33939393939393936,0.4787878787878789,0.2901439645625693,0.20870337477797507,0.06698729810778081,0.24999999999999978,1.0,0.0,0.0,0.0,0.0,0.0,0.0,0.0,0.0,0.0,0.0,2016-08-01
0.43939393939393945,0.8695652173912976,0.17272727272727273,0.3272727272727274,0.26578073089700993,0.225133214920071,0.0,0.4999999999999999,0.0,0.0,0.0,0.0,0.0,0.0,0.0,0.0,0.0,0.0,1.0,2016-09-01
0.5909090909090909,0.8695652173912976,0.43939393939393945,0.31212121212121213,0.24141749723145067,0.26598579040852577,0.0669872981077807,0.75,0.0,0.0,0.0,0.0,0.0,0.0,0.0,0.0,0.0,1.0,0.0,2016-10-01
0.296969696969697,0.8695652173912976,0.5909090909090909,0.5181818181818183,0.2259136212624585,0.23357015985790397,0.24999999999999978,0.9330127018922192,0.0,0.0,0.0,0.0,0.0,0.0,0.0,0.0,1.0,0.0,0.0,2016-11-01
0.5030303030303032,0.8695652173912976,0.296969696969697,0.0,0.34662236987818396,0.3072824156305506,0.4999999999999999,1.0,0.0,1.0,0.0,0.0,0.0,0.0,0.0,0.0,0.0,0.0,0.0,2016-12-01
0.27575757575757587,0.9130434782608745,0.5030303030303032,0.1636363636363637,0.28682170542635677,0.3237122557726465,0.75,0.9330127018922194,0.0,0.0,0.0,1.0,0.0,0.0,0.0,0.0,0.0,0.0,0.0,2017-01-01
0.4696969696969697,0.9130434782608745,0.27575757575757587,0.5727272727272728,0.24252491694352163,0.30861456483126093,0.9330127018922193,0.75,0.0,0.0,1.0,0.0,0.0,0.0,0.0,0.0,0.0,0.0,0.0,2017-02-01
0.5272727272727272,0.9130434782608745,0.4696969696969697,0.5363636363636364,0.3266888150609081,0.3072824156305506,1.0,0.5,0.0,0.0,0.0,0.0,0.0,0.0,1.0,0.0,0.0,0.0,0.0,2017-03-01
0.4181818181818182,0.9130434782608745,0.5272727272727272,0.37575757575757573,0.2956810631229235,0.3134991119005327,0.9330127018922194,0.2500000000000001,0.0,0.0,0.0,0.0,0.0,0.0,0.0,0.0,0.0,0.0,0.0,2017-04-01
0.4606060606060606,0.9130434782608745,0.4181818181818182,0.5060606060606061,0.36323366555924685,0.3068383658969803,0.75,0.06698729810778065,0.0,0.0,0.0,0.0,0.0,0.0,0.0,1.0,0.0,0.0,0.0,2017-05-01
0.22424242424242424,0.9130434782608745,0.4606060606060606,0.6575757575757576,0.2735326688815063,0.2433392539964473,0.5000000000000001,0.0,0.0,0.0,0.0,0.0,0.0,1.0,0.0,0.0,0.0,0.0,0.0,2017-06-01
0.33939393939393936,0.9130434782608745,0.22424242424242424,0.33939393939393936,0.2048726467331119,0.2433392539964473,0.2500000000000001,0.06698729810778059,0.0,0.0,0.0,0.0,1.0,0.0,0.0,0.0,0.0,0.0,0.0,2017-07-01
0.5454545454545455,0.9130434782608745,0.33939393939393936,0.17272727272727273,0.2513842746400886,0.2979573712255771,0.06698729810778081,0.24999999999999978,1.0,0.0,0.0,0.0,0.0,0.0,0.0,0.0,0.0,0.0,0.0,2017-08-01
0.3272727272727274,0.9130434782608745,0.5454545454545455,0.43939393939393945,0.2026578073089702,0.28152753108348116,0.0,0.4999999999999999,0.0,0.0,0.0,0.0,0.0,0.0,0.0,0.0,0.0,0.0,1.0,2017-09-01
0.4696969696969697,0.9130434782608745,0.3272727272727274,0.5909090909090909,0.292358803986711,0.2637655417406749,0.0669872981077807,0.75,0.0,0.0,0.0,0.0,0.0,0.0,0.0,0.0,0.0,1.0,0.0,2017-10-01
0.4363636363636364,0.9130434782608745,0.4696969696969697,0.296969696969697,0.32779623477297914,0.28419182948490207,0.24999999999999978,0.9330127018922192,0.0,0.0,0.0,0.0,0.0,0.0,0.0,0.0,1.0,0.0,0.0,2017-11-01
0.24545454545454548,0.9130434782608745,0.4363636363636364,0.5030303030303032,0.2181616832779626,0.24644760213143846,0.4999999999999999,1.0,0.0,1.0,0.0,0.0,0.0,0.0,0.0,0.0,0.0,0.0,0.0,2017-12-01
0.6727272727272727,0.9565217391304373,0.24545454545454548,0.27575757575757587,0.34440753045404204,0.30461811722912946,0.75,0.9330127018922194,0.0,0.0,0.0,1.0,0.0,0.0,0.0,0.0,0.0,0.0,0.0,2018-01-01
0.6545454545454547,0.9565217391304373,0.6727272727272727,0.4696969696969697,0.4119601328903656,0.33170515097690945,0.9330127018922193,0.75,0.0,0.0,1.0,0.0,0.0,0.0,0.0,0.0,0.0,0.0,0.0,2018-02-01
0.6393939393939395,0.9565217391304373,0.6545454545454547,0.5272727272727272,0.4861572535991142,0.34813499111900514,1.0,0.5,0.0,0.0,0.0,0.0,0.0,0.0,1.0,0.0,0.0,0.0,0.0,2018-03-01
0.4606060606060606,0.9565217391304373,0.6393939393939395,0.4181818181818182,0.5647840531561464,0.3543516873889877,0.9330127018922194,0.2500000000000001,0.0,0.0,0.0,0.0,0.0,0.0,0.0,0.0,0.0,0.0,0.0,2018-04-01
0.45757575757575764,0.9565217391304373,0.4606060606060606,0.4606060606060606,0.4861572535991142,0.3539076376554172,0.75,0.06698729810778065,0.0,0.0,0.0,0.0,0.0,0.0,0.0,1.0,0.0,0.0,0.0,2018-05-01
0.5333333333333334,0.9565217391304373,0.45757575757575764,0.22424242424242424,0.4418604651162791,0.39920071047957373,0.5000000000000001,0.0,0.0,0.0,0.0,0.0,0.0,1.0,0.0,0.0,0.0,0.0,0.0,2018-06-01
0.8181818181818181,0.9565217391304373,0.5333333333333334,0.33939393939393936,0.5071982281284607,0.4693605683836589,0.2500000000000001,0.06698729810778059,0.0,0.0,0.0,0.0,1.0,0.0,0.0,0.0,0.0,0.0,0.0,2018-07-01
0.7848484848484849,0.9565217391304373,0.8181818181818181,0.5454545454545455,0.6256921373200443,0.5044404973357014,0.06698729810778081,0.24999999999999978,1.0,0.0,0.0,0.0,0.0,0.0,0.0,0.0,0.0,0.0,0.0,2018-08-01
0.5666666666666667,0.9565217391304373,0.7848484848484849,0.3272727272727274,0.6655592469545958,0.5395204262877439,0.0,0.4999999999999999,0.0,0.0,0.0,0.0,0.0,0.0,0.0,0.0,0.0,0.0,1.0,2018-09-01
0.4696969696969697,0.9565217391304373,0.5666666666666667,0.4696969696969697,0.6423034330011074,0.5395204262877439,0.0669872981077807,0.75,0.0,0.0,0.0,0.0,0.0,0.0,0.0,0.0,0.0,1.0,0.0,2018-10-01
0.23636363636363644,0.9565217391304373,0.4696969696969697,0.4363636363636364,0.42967884828349956,0.5102131438721135,0.24999999999999978,0.9330127018922192,0.0,0.0,0.0,0.0,0.0,0.0,0.0,0.0,1.0,0.0,0.0,2018-11-01
0.23939393939393938,0.9565217391304373,0.23636363636363644,0.24545454545454548,0.230343300110742,0.5093250444049734,0.4999999999999999,1.0,0.0,1.0,0.0,0.0,0.0,0.0,0.0,0.0,0.0,0.0,0.0,2018-12-01
0.31818181818181823,1.0,0.23939393939393938,0.6727272727272727,0.13953488372093037,0.4573712255772643,0.75,0.9330127018922194,0.0,0.0,0.0,1.0,0.0,0.0,0.0,0.0,0.0,0.0,0.0,2019-01-01
