Valor,Year,Month_sin,Month_cos,Mes_Aug,Mes_Dec,Mes_Feb,Mes_Jan,Mes_Jul,Mes_Jun,Mes_Mar,Mes_May,Mes_Nov,Mes_Oct,Mes_Sep,Fecha
0.01953028015212312,0.0,0.75,0.9330127018922194,0.0,0.0,0.0,1.0,0.0,0.0,0.0,0.0,0.0,0.0,0.0,1997-01-01
0.015159950928359252,0.0,0.9330127018922193,0.75,0.0,0.0,1.0,0.0,0.0,0.0,0.0,0.0,0.0,0.0,0.0,1997-02-01
0.0,0.0,1.0,0.5,0.0,0.0,0.0,0.0,0.0,0.0,1.0,0.0,0.0,0.0,0.0,1997-03-01
0.007891430879248944,0.0,0.9330127018922194,0.2500000000000001,0.0,0.0,0.0,0.0,0.0,0.0,0.0,0.0,0.0,0.0,0.0,1997-04-01
0.016726783447946113,0.0,0.75,0.06698729810778065,0.0,0.0,0.0,0.0,0.0,0.0,0.0,1.0,0.0,0.0,0.0,1997-05-01
0.016536201766499455,0.0,0.5000000000000001,0.0,0.0,0.0,0.0,0.0,0.0,1.0,0.0,0.0,0.0,0.0,0.0,1997-06-01
0.013750627177211653,0.0,0.2500000000000001,0.06698729810778059,0.0,0.0,0.0,0.0,1.0,0.0,0.0,0.0,0.0,0.0,0.0,1997-07-01
0.020844086784999584,0.0,0.06698729810778081,0.24999999999999978,1.0,0.0,0.0,0.0,0.0,0.0,0.0,0.0,0.0,0.0,0.0,1997-08-01
0.01738310963999954,0.0,0.0,0.4999999999999999,0.0,0.0,0.0,0.0,0.0,0.0,0.0,0.0,0.0,0.0,1.0,1997-09-01
0.030544041664883313,0.0,0.0669872981077807,0.75,0.0,0.0,0.0,0.0,0.0,0.0,0.0,0.0,0.0,1.0,0.0,1997-10-01
0.017009344853091878,0.0,0.24999999999999978,0.9330127018922192,0.0,0.0,0.0,0.0,0.0,0.0,0.0,0.0,1.0,0.0,0.0,1997-11-01
0.009407085482694384,0.0,0.4999999999999999,1.0,0.0,1.0,0.0,0.0,0.0,0.0,0.0,0.0,0.0,0.0,0.0,1997-12-01
0.025882124194747138,0.045454545454546746,0.75,0.9330127018922194,0.0,0.0,0.0,1.0,0.0,0.0,0.0,0.0,0.0,0.0,0.0,1998-01-01
0.02027730025154216,0.045454545454546746,0.9330127018922193,0.75,0.0,0.0,1.0,0.0,0.0,0.0,0.0,0.0,0.0,0.0,0.0,1998-02-01
0.04098993144505991,0.045454545454546746,1.0,0.5,0.0,0.0,0.0,0.0,0.0,0.0,1.0,0.0,0.0,0.0,0.0,1998-03-01
0.02316330474792244,0.045454545454546746,0.9330127018922194,0.2500000000000001,0.0,0.0,0.0,0.0,0.0,0.0,0.0,0.0,0.0,0.0,0.0,1998-04-01
0.02249098143306688,0.045454545454546746,0.75,0.06698729810778065,0.0,0.0,0.0,0.0,0.0,0.0,0.0,1.0,0.0,0.0,0.0,1998-05-01
0.025262185298586853,0.045454545454546746,0.5000000000000001,0.0,0.0,0.0,0.0,0.0,0.0,1.0,0.0,0.0,0.0,0.0,0.0,1998-06-01
0.02647350266541001,0.045454545454546746,0.2500000000000001,0.06698729810778059,0.0,0.0,0.0,0.0,1.0,0.0,0.0,0.0,0.0,0.0,0.0,1998-07-01
0.03549951809554007,0.045454545454546746,0.06698729810778081,0.24999999999999978,1.0,0.0,0.0,0.0,0.0,0.0,0.0,0.0,0.0,0.0,0.0,1998-08-01
0.032560625304687965,0.045454545454546746,0.0,0.4999999999999999,0.0,0.0,0.0,0.0,0.0,0.0,0.0,0.0,0.0,0.0,1.0,1998-09-01
0.02943892638210398,0.045454545454546746,0.0669872981077807,0.75,0.0,0.0,0.0,0.0,0.0,0.0,0.0,0.0,0.0,1.0,0.0,1998-10-01
0.03739211843500845,0.045454545454546746,0.24999999999999978,0.9330127018922192,0.0,0.0,0.0,0.0,0.0,0.0,0.0,0.0,1.0,0.0,0.0,1998-11-01
0.02013683928020946,0.045454545454546746,0.4999999999999999,1.0,0.0,1.0,0.0,0.0,0.0,0.0,0.0,0.0,0.0,0.0,0.0,1998-12-01
0.01943983911574907,0.09090909090907928,0.75,0.9330127018922194,0.0,0.0,0.0,1.0,0.0,0.0,0.0,0.0,0.0,0.0,0.0,1999-01-01
0.029226628587791365,0.09090909090907928,0.9330127018922193,0.75,0.0,0.0,1.0,0.0,0.0,0.0,0.0,0.0,0.0,0.0,0.0,1999-02-01
0.034746516804032734,0.09090909090907928,1.0,0.5,0.0,0.0,0.0,0.0,0.0,0.0,1.0,0.0,0.0,0.0,0.0,1999-03-01
0.043826322839515944,0.09090909090907928,0.9330127018922194,0.2500000000000001,0.0,0.0,0.0,0.0,0.0,0.0,0.0,0.0,0.0,0.0,0.0,1999-04-01
0.03587993031028501,0.09090909090907928,0.75,0.06698729810778065,0.0,0.0,0.0,0.0,0.0,0.0,0.0,1.0,0.0,0.0,0.0,1999-05-01
0.04424861926163487,0.09090909090907928,0.5000000000000001,0.0,0.0,0.0,0.0,0.0,0.0,1.0,0.0,0.0,0.0,0.0,0.0,1999-06-01
0.04281220192336159,0.09090909090907928,0.2500000000000001,0.06698729810778059,0.0,0.0,0.0,0.0,1.0,0.0,0.0,0.0,0.0,0.0,0.0,1999-07-01
0.03880796737746235,0.09090909090907928,0.06698729810778081,0.24999999999999978,1.0,0.0,0.0,0.0,0.0,0.0,0.0,0.0,0.0,0.0,0.0,1999-08-01
0.056328489540346485,0.09090909090907928,0.0,0.4999999999999999,0.0,0.0,0.0,0.0,0.0,0.0,0.0,0.0,0.0,0.0,1.0,1999-09-01
0.06015117391154204,0.09090909090907928,0.0669872981077807,0.75,0.0,0.0,0.0,0.0,0.0,0.0,0.0,0.0,0.0,1.0,0.0,1999-10-01
0.04714102298037731,0.09090909090907928,0.24999999999999978,0.9330127018922192,0.0,0.0,0.0,0.0,0.0,0.0,0.0,0.0,1.0,0.0,0.0,1999-11-01
0.05691617478818792,0.09090909090907928,0.4999999999999999,1.0,0.0,1.0,0.0,0.0,0.0,0.0,0.0,0.0,0.0,0.0,0.0,1999-12-01
0.033313102192146365,0.13636363636362603,0.75,0.9330127018922194,0.0,0.0,0.0,1.0,0.0,0.0,0.0,0.0,0.0,0.0,0.0,2000-01-01
0.03184436775453052,0.13636363636362603,0.9330127018922193,0.75,0.0,0.0,1.0,0.0,0.0,0.0,0.0,0.0,0.0,0.0,0.0,2000-02-01
0.05629169821072881,0.13636363636362603,1.0,0.5,0.0,0.0,0.0,0.0,0.0,0.0,1.0,0.0,0.0,0.0,0.0,2000-03-01
0.05634413861562147,0.13636363636362603,0.9330127018922194,0.2500000000000001,0.0,0.0,0.0,0.0,0.0,0.0,0.0,0.0,0.0,0.0,0.0,2000-04-01
0.05905789037847871,0.13636363636362603,0.75,0.06698729810778065,0.0,0.0,0.0,0.0,0.0,0.0,0.0,1.0,0.0,0.0,0.0,2000-05-01
0.04317206253814637,0.13636363636362603,0.5000000000000001,0.0,0.0,0.0,0.0,0.0,0.0,1.0,0.0,0.0,0.0,0.0,0.0,2000-06-01
0.041003971850263124,0.13636363636362603,0.2500000000000001,0.06698729810778059,0.0,0.0,0.0,0.0,1.0,0.0,0.0,0.0,0.0,0.0,0.0,2000-07-01
0.044765560350448846,0.13636363636362603,0.06698729810778081,0.24999999999999978,1.0,0.0,0.0,0.0,0.0,0.0,0.0,0.0,0.0,0.0,0.0,2000-08-01
0.06909353196621565,0.13636363636362603,0.0,0.4999999999999999,0.0,0.0,0.0,0.0,0.0,0.0,0.0,0.0,0.0,0.0,1.0,2000-09-01
0.04989590966866671,0.13636363636362603,0.0669872981077807,0.75,0.0,0.0,0.0,0.0,0.0,0.0,0.0,0.0,0.0,1.0,0.0,2000-10-01
0.05283449080301998,0.13636363636362603,0.24999999999999978,0.9330127018922192,0.0,0.0,0.0,0.0,0.0,0.0,0.0,0.0,1.0,0.0,0.0,2000-11-01
0.05416522859509178,0.13636363636362603,0.4999999999999999,1.0,0.0,1.0,0.0,0.0,0.0,0.0,0.0,0.0,0.0,0.0,0.0,2000-12-01
0.026540354850615257,0.18181818181817277,0.75,0.9330127018922194,0.0,0.0,0.0,1.0,0.0,0.0,0.0,0.0,0.0,0.0,0.0,2001-01-01
0.05266166327787035,0.18181818181817277,0.9330127018922193,0.75,0.0,0.0,1.0,0.0,0.0,0.0,0.0,0.0,0.0,0.0,0.0,2001-02-01
0.04371810058684947,0.18181818181817277,1.0,0.5,0.0,0.0,0.0,0.0,0.0,0.0,1.0,0.0,0.0,0.0,0.0,2001-03-01
0.02744175409003923,0.18181818181817277,0.9330127018922194,0.2500000000000001,0.0,0.0,0.0,0.0,0.0,0.0,0.0,0.0,0.0,0.0,0.0,2001-04-01
0.05978151757841982,0.18181818181817277,0.75,0.06698729810778065,0.0,0.0,0.0,0.0,0.0,0.0,0.0,1.0,0.0,0.0,0.0,2001-05-01
0.047475962272495315,0.18181818181817277,0.5000000000000001,0.0,0.0,0.0,0.0,0.0,0.0,1.0,0.0,0.0,0.0,0.0,0.0,2001-06-01
0.04126105487007803,0.18181818181817277,0.2500000000000001,0.06698729810778059,0.0,0.0,0.0,0.0,1.0,0.0,0.0,0.0,0.0,0.0,0.0,2001-07-01
0.041073620546028214,0.18181818181817277,0.06698729810778081,0.24999999999999978,1.0,0.0,0.0,0.0,0.0,0.0,0.0,0.0,0.0,0.0,0.0,2001-08-01
0.03464018781794147,0.18181818181817277,0.0,0.4999999999999999,0.0,0.0,0.0,0.0,0.0,0.0,0.0,0.0,0.0,0.0,1.0,2001-09-01
0.05104263669265935,0.18181818181817277,0.0669872981077807,0.75,0.0,0.0,0.0,0.0,0.0,0.0,0.0,0.0,0.0,1.0,0.0,2001-10-01
0.06253729631345437,0.18181818181817277,0.24999999999999978,0.9330127018922192,0.0,0.0,0.0,0.0,0.0,0.0,0.0,0.0,1.0,0.0,0.0,2001-11-01
0.02787310161407022,0.18181818181817277,0.4999999999999999,1.0,0.0,1.0,0.0,0.0,0.0,0.0,0.0,0.0,0.0,0.0,0.0,2001-12-01
0.03811611607695567,0.22727272727271952,0.75,0.9330127018922194,0.0,0.0,0.0,1.0,0.0,0.0,0.0,0.0,0.0,0.0,0.0,2002-01-01
0.04976741574702703,0.22727272727271952,0.9330127018922193,0.75,0.0,0.0,1.0,0.0,0.0,0.0,0.0,0.0,0.0,0.0,0.0,2002-02-01
0.04230340216075201,0.22727272727271952,1.0,0.5,0.0,0.0,0.0,0.0,0.0,0.0,1.0,0.0,0.0,0.0,0.0,2002-03-01
0.04518825334146598,0.22727272727271952,0.9330127018922194,0.2500000000000001,0.0,0.0,0.0,0.0,0.0,0.0,0.0,0.0,0.0,0.0,0.0,2002-04-01
0.027966747860245094,0.22727272727271952,0.75,0.06698729810778065,0.0,0.0,0.0,0.0,0.0,0.0,0.0,1.0,0.0,0.0,0.0,2002-05-01
0.02853221218634072,0.22727272727271952,0.5000000000000001,0.0,0.0,0.0,0.0,0.0,0.0,1.0,0.0,0.0,0.0,0.0,0.0,2002-06-01
0.0672612959447778,0.22727272727271952,0.2500000000000001,0.06698729810778059,0.0,0.0,0.0,0.0,1.0,0.0,0.0,0.0,0.0,0.0,0.0,2002-07-01
0.06542954140463754,0.22727272727271952,0.06698729810778081,0.24999999999999978,1.0,0.0,0.0,0.0,0.0,0.0,0.0,0.0,0.0,0.0,0.0,2002-08-01
0.05873207963584584,0.22727272727271952,0.0,0.4999999999999999,0.0,0.0,0.0,0.0,0.0,0.0,0.0,0.0,0.0,0.0,1.0,2002-09-01
0.08835596388586822,0.22727272727271952,0.0669872981077807,0.75,0.0,0.0,0.0,0.0,0.0,0.0,0.0,0.0,0.0,1.0,0.0,2002-10-01
0.06976761977939241,0.22727272727271952,0.24999999999999978,0.9330127018922192,0.0,0.0,0.0,0.0,0.0,0.0,0.0,0.0,1.0,0.0,0.0,2002-11-01
0.04128553110247553,0.22727272727271952,0.4999999999999999,1.0,0.0,1.0,0.0,0.0,0.0,0.0,0.0,0.0,0.0,0.0,0.0,2002-12-01
0.04981079478587144,0.27272727272726627,0.75,0.9330127018922194,0.0,0.0,0.0,1.0,0.0,0.0,0.0,0.0,0.0,0.0,0.0,2003-01-01
0.07593446023203683,0.27272727272726627,0.9330127018922193,0.75,0.0,0.0,1.0,0.0,0.0,0.0,0.0,0.0,0.0,0.0,0.0,2003-02-01
0.10120552307532384,0.27272727272726627,1.0,0.5,0.0,0.0,0.0,0.0,0.0,0.0,1.0,0.0,0.0,0.0,0.0,2003-03-01
0.067625100787169,0.27272727272726627,0.9330127018922194,0.2500000000000001,0.0,0.0,0.0,0.0,0.0,0.0,0.0,0.0,0.0,0.0,0.0,2003-04-01
0.04378468963692696,0.27272727272726627,0.75,0.06698729810778065,0.0,0.0,0.0,0.0,0.0,0.0,0.0,1.0,0.0,0.0,0.0,2003-05-01
0.046760792720773894,0.27272727272726627,0.5000000000000001,0.0,0.0,0.0,0.0,0.0,0.0,1.0,0.0,0.0,0.0,0.0,0.0,2003-06-01
0.06419858687907833,0.27272727272726627,0.2500000000000001,0.06698729810778059,0.0,0.0,0.0,0.0,1.0,0.0,0.0,0.0,0.0,0.0,0.0,2003-07-01
0.06082484276134163,0.27272727272726627,0.06698729810778081,0.24999999999999978,1.0,0.0,0.0,0.0,0.0,0.0,0.0,0.0,0.0,0.0,0.0,2003-08-01
0.09862416560585809,0.27272727272726627,0.0,0.4999999999999999,0.0,0.0,0.0,0.0,0.0,0.0,0.0,0.0,0.0,0.0,1.0,2003-09-01
0.08496670879214344,0.27272727272726627,0.0669872981077807,0.75,0.0,0.0,0.0,0.0,0.0,0.0,0.0,0.0,0.0,1.0,0.0,2003-10-01
0.06319542806037376,0.27272727272726627,0.24999999999999978,0.9330127018922192,0.0,0.0,0.0,0.0,0.0,0.0,0.0,0.0,1.0,0.0,0.0,2003-11-01
0.06162316208032978,0.27272727272726627,0.4999999999999999,1.0,0.0,1.0,0.0,0.0,0.0,0.0,0.0,0.0,0.0,0.0,0.0,2003-12-01
0.06754255193842099,0.318181818181813,0.75,0.9330127018922194,0.0,0.0,0.0,1.0,0.0,0.0,0.0,0.0,0.0,0.0,0.0,2004-01-01
0.07603199471962074,0.318181818181813,0.9330127018922193,0.75,0.0,0.0,1.0,0.0,0.0,0.0,0.0,0.0,0.0,0.0,0.0,2004-02-01
0.08778278372866838,0.318181818181813,1.0,0.5,0.0,0.0,0.0,0.0,0.0,0.0,1.0,0.0,0.0,0.0,0.0,2004-03-01
0.12840982383945787,0.318181818181813,0.9330127018922194,0.2500000000000001,0.0,0.0,0.0,0.0,0.0,0.0,0.0,0.0,0.0,0.0,0.0,2004-04-01
0.09492715718436667,0.318181818181813,0.75,0.06698729810778065,0.0,0.0,0.0,0.0,0.0,0.0,0.0,1.0,0.0,0.0,0.0,2004-05-01
0.10698418602764471,0.318181818181813,0.5000000000000001,0.0,0.0,0.0,0.0,0.0,0.0,1.0,0.0,0.0,0.0,0.0,0.0,2004-06-01
0.11456921191338094,0.318181818181813,0.2500000000000001,0.06698729810778059,0.0,0.0,0.0,0.0,1.0,0.0,0.0,0.0,0.0,0.0,0.0,2004-07-01
0.08920586328851575,0.318181818181813,0.06698729810778081,0.24999999999999978,1.0,0.0,0.0,0.0,0.0,0.0,0.0,0.0,0.0,0.0,0.0,2004-08-01
0.1364520694041443,0.318181818181813,0.0,0.4999999999999999,0.0,0.0,0.0,0.0,0.0,0.0,0.0,0.0,0.0,0.0,1.0,2004-09-01
0.10815721256786333,0.318181818181813,0.0669872981077807,0.75,0.0,0.0,0.0,0.0,0.0,0.0,0.0,0.0,0.0,1.0,0.0,2004-10-01
0.12691928184485365,0.318181818181813,0.24999999999999978,0.9330127018922192,0.0,0.0,0.0,0.0,0.0,0.0,0.0,0.0,1.0,0.0,0.0,2004-11-01
0.08278405702742123,0.318181818181813,0.4999999999999999,1.0,0.0,1.0,0.0,0.0,0.0,0.0,0.0,0.0,0.0,0.0,0.0,2004-12-01
0.10866555137744768,0.36363636363635976,0.75,0.9330127018922194,0.0,0.0,0.0,1.0,0.0,0.0,0.0,0.0,0.0,0.0,0.0,2005-01-01
0.169662504107509,0.36363636363635976,0.9330127018922193,0.75,0.0,0.0,1.0,0.0,0.0,0.0,0.0,0.0,0.0,0.0,0.0,2005-02-01
0.1441475756525086,0.36363636363635976,1.0,0.5,0.0,0.0,0.0,0.0,0.0,0.0,1.0,0.0,0.0,0.0,0.0,2005-03-01
0.1415950604057338,0.36363636363635976,0.9330127018922194,0.2500000000000001,0.0,0.0,0.0,0.0,0.0,0.0,0.0,0.0,0.0,0.0,0.0,2005-04-01
0.12179995247648957,0.36363636363635976,0.75,0.06698729810778065,0.0,0.0,0.0,0.0,0.0,0.0,0.0,1.0,0.0,0.0,0.0,2005-05-01
0.18503779754621583,0.36363636363635976,0.5000000000000001,0.0,0.0,0.0,0.0,0.0,0.0,1.0,0.0,0.0,0.0,0.0,0.0,2005-06-01
0.16110723835403276,0.36363636363635976,0.2500000000000001,0.06698729810778059,0.0,0.0,0.0,0.0,1.0,0.0,0.0,0.0,0.0,0.0,0.0,2005-07-01
0.12349576319832357,0.36363636363635976,0.06698729810778081,0.24999999999999978,1.0,0.0,0.0,0.0,0.0,0.0,0.0,0.0,0.0,0.0,0.0,2005-08-01
0.17837785212829807,0.36363636363635976,0.0,0.4999999999999999,0.0,0.0,0.0,0.0,0.0,0.0,0.0,0.0,0.0,0.0,1.0,2005-09-01
0.1738767475453507,0.36363636363635976,0.0669872981077807,0.75,0.0,0.0,0.0,0.0,0.0,0.0,0.0,0.0,0.0,1.0,0.0,2005-10-01
0.1703270406754103,0.36363636363635976,0.24999999999999978,0.9330127018922192,0.0,0.0,0.0,0.0,0.0,0.0,0.0,0.0,1.0,0.0,0.0,2005-11-01
0.11451520202875465,0.36363636363635976,0.4999999999999999,1.0,0.0,1.0,0.0,0.0,0.0,0.0,0.0,0.0,0.0,0.0,0.0,2005-12-01
0.197797532480572,0.4090909090909065,0.75,0.9330127018922194,0.0,0.0,0.0,1.0,0.0,0.0,0.0,0.0,0.0,0.0,0.0,2006-01-01
0.20049993304190755,0.4090909090909065,0.9330127018922193,0.75,0.0,0.0,1.0,0.0,0.0,0.0,0.0,0.0,0.0,0.0,0.0,2006-02-01
0.23039209475191383,0.4090909090909065,1.0,0.5,0.0,0.0,0.0,0.0,0.0,0.0,1.0,0.0,0.0,0.0,0.0,2006-03-01
0.17717729624171738,0.4090909090909065,0.9330127018922194,0.2500000000000001,0.0,0.0,0.0,0.0,0.0,0.0,0.0,0.0,0.0,0.0,0.0,2006-04-01
0.22715117695439183,0.4090909090909065,0.75,0.06698729810778065,0.0,0.0,0.0,0.0,0.0,0.0,0.0,1.0,0.0,0.0,0.0,2006-05-01
0.19254737829855006,0.4090909090909065,0.5000000000000001,0.0,0.0,0.0,0.0,0.0,0.0,1.0,0.0,0.0,0.0,0.0,0.0,2006-06-01
0.1921646949103975,0.4090909090909065,0.2500000000000001,0.06698729810778059,0.0,0.0,0.0,0.0,1.0,0.0,0.0,0.0,0.0,0.0,0.0,2006-07-01
0.21987967097475386,0.4090909090909065,0.06698729810778081,0.24999999999999978,1.0,0.0,0.0,0.0,0.0,0.0,0.0,0.0,0.0,0.0,0.0,2006-08-01
0.1647288380331505,0.4090909090909065,0.0,0.4999999999999999,0.0,0.0,0.0,0.0,0.0,0.0,0.0,0.0,0.0,0.0,1.0,2006-09-01
0.1771010374422466,0.4090909090909065,0.0669872981077807,0.75,0.0,0.0,0.0,0.0,0.0,0.0,0.0,0.0,0.0,1.0,0.0,2006-10-01
0.18805423775218208,0.4090909090909065,0.24999999999999978,0.9330127018922192,0.0,0.0,0.0,0.0,0.0,0.0,0.0,0.0,1.0,0.0,0.0,2006-11-01
0.12050911511419742,0.4090909090909065,0.4999999999999999,1.0,0.0,1.0,0.0,0.0,0.0,0.0,0.0,0.0,0.0,0.0,0.0,2006-12-01
0.2610481703964029,0.45454545454545325,0.75,0.9330127018922194,0.0,0.0,0.0,1.0,0.0,0.0,0.0,0.0,0.0,0.0,0.0,2007-01-01
0.19475206902987657,0.45454545454545325,0.9330127018922193,0.75,0.0,0.0,1.0,0.0,0.0,0.0,0.0,0.0,0.0,0.0,0.0,2007-02-01
0.22797618769298772,0.45454545454545325,1.0,0.5,0.0,0.0,0.0,0.0,0.0,0.0,1.0,0.0,0.0,0.0,0.0,2007-03-01
0.1774966480433775,0.45454545454545325,0.9330127018922194,0.2500000000000001,0.0,0.0,0.0,0.0,0.0,0.0,0.0,0.0,0.0,0.0,0.0,2007-04-01
0.2537089211179178,0.45454545454545325,0.75,0.06698729810778065,0.0,0.0,0.0,0.0,0.0,0.0,0.0,1.0,0.0,0.0,0.0,2007-05-01
0.3382017403408369,0.45454545454545325,0.5000000000000001,0.0,0.0,0.0,0.0,0.0,0.0,1.0,0.0,0.0,0.0,0.0,0.0,2007-06-01
0.2214047704496997,0.45454545454545325,0.2500000000000001,0.06698729810778059,0.0,0.0,0.0,0.0,1.0,0.0,0.0,0.0,0.0,0.0,0.0,2007-07-01
0.2278205693918138,0.45454545454545325,0.06698729810778081,0.24999999999999978,1.0,0.0,0.0,0.0,0.0,0.0,0.0,0.0,0.0,0.0,0.0,2007-08-01
0.2708571565295055,0.45454545454545325,0.0,0.4999999999999999,0.0,0.0,0.0,0.0,0.0,0.0,0.0,0.0,0.0,0.0,1.0,2007-09-01
0.2650526410174345,0.45454545454545325,0.0669872981077807,0.75,0.0,0.0,0.0,0.0,0.0,0.0,0.0,0.0,0.0,1.0,0.0,2007-10-01
0.2964609574742496,0.45454545454545325,0.24999999999999978,0.9330127018922192,0.0,0.0,0.0,0.0,0.0,0.0,0.0,0.0,1.0,0.0,0.0,2007-11-01
0.16615651312670066,0.45454545454545325,0.4999999999999999,1.0,0.0,1.0,0.0,0.0,0.0,0.0,0.0,0.0,0.0,0.0,0.0,2007-12-01
0.2432007569572762,0.5,0.75,0.9330127018922194,0.0,0.0,0.0,1.0,0.0,0.0,0.0,0.0,0.0,0.0,0.0,2008-01-01
0.18274310340395827,0.5,0.9330127018922193,0.75,0.0,0.0,1.0,0.0,0.0,0.0,0.0,0.0,0.0,0.0,0.0,2008-02-01
0.2106912517163257,0.5,1.0,0.5,0.0,0.0,0.0,0.0,0.0,0.0,1.0,0.0,0.0,0.0,0.0,2008-03-01
0.2273759382093477,0.5,0.9330127018922194,0.2500000000000001,0.0,0.0,0.0,0.0,0.0,0.0,0.0,0.0,0.0,0.0,0.0,2008-04-01
0.3174659579215933,0.5,0.75,0.06698729810778065,0.0,0.0,0.0,0.0,0.0,0.0,0.0,1.0,0.0,0.0,0.0,2008-05-01
0.31822032994183347,0.5,0.5000000000000001,0.0,0.0,0.0,0.0,0.0,0.0,1.0,0.0,0.0,0.0,0.0,0.0,2008-06-01
0.25624778039804486,0.5,0.2500000000000001,0.06698729810778059,0.0,0.0,0.0,0.0,1.0,0.0,0.0,0.0,0.0,0.0,0.0,2008-07-01
0.26043982437551644,0.5,0.06698729810778081,0.24999999999999978,1.0,0.0,0.0,0.0,0.0,0.0,0.0,0.0,0.0,0.0,0.0,2008-08-01
0.311892138201402,0.5,0.0,0.4999999999999999,0.0,0.0,0.0,0.0,0.0,0.0,0.0,0.0,0.0,0.0,1.0,2008-09-01
0.28289312149911716,0.5,0.0669872981077807,0.75,0.0,0.0,0.0,0.0,0.0,0.0,0.0,0.0,0.0,1.0,0.0,2008-10-01
0.2495931154116446,0.5,0.24999999999999978,0.9330127018922192,0.0,0.0,0.0,0.0,0.0,0.0,0.0,0.0,1.0,0.0,0.0,2008-11-01
0.20012108097586334,0.5,0.4999999999999999,1.0,0.0,1.0,0.0,0.0,0.0,0.0,0.0,0.0,0.0,0.0,0.0,2008-12-01
0.19757906034179012,0.5454545454545467,0.75,0.9330127018922194,0.0,0.0,0.0,1.0,0.0,0.0,0.0,0.0,0.0,0.0,0.0,2009-01-01
0.204838930523403,0.5454545454545467,0.9330127018922193,0.75,0.0,0.0,1.0,0.0,0.0,0.0,0.0,0.0,0.0,0.0,0.0,2009-02-01
0.2534294772108636,0.5454545454545467,1.0,0.5,0.0,0.0,0.0,0.0,0.0,0.0,1.0,0.0,0.0,0.0,0.0,2009-03-01
0.31064761355469767,0.5454545454545467,0.9330127018922194,0.2500000000000001,0.0,0.0,0.0,0.0,0.0,0.0,0.0,0.0,0.0,0.0,0.0,2009-04-01
0.24867923778192472,0.5454545454545467,0.75,0.06698729810778065,0.0,0.0,0.0,0.0,0.0,0.0,0.0,1.0,0.0,0.0,0.0,2009-05-01
0.2756009164891992,0.5454545454545467,0.5000000000000001,0.0,0.0,0.0,0.0,0.0,0.0,1.0,0.0,0.0,0.0,0.0,0.0,2009-06-01
0.309407774019612,0.5454545454545467,0.2500000000000001,0.06698729810778059,0.0,0.0,0.0,0.0,1.0,0.0,0.0,0.0,0.0,0.0,0.0,2009-07-01
0.2610064746758935,0.5454545454545467,0.06698729810778081,0.24999999999999978,1.0,0.0,0.0,0.0,0.0,0.0,0.0,0.0,0.0,0.0,0.0,2009-08-01
0.3772234508896079,0.5454545454545467,0.0,0.4999999999999999,0.0,0.0,0.0,0.0,0.0,0.0,0.0,0.0,0.0,0.0,1.0,2009-09-01
0.2919953714680325,0.5454545454545467,0.0669872981077807,0.75,0.0,0.0,0.0,0.0,0.0,0.0,0.0,0.0,0.0,1.0,0.0,2009-10-01
0.24436529785617642,0.5454545454545467,0.24999999999999978,0.9330127018922192,0.0,0.0,0.0,0.0,0.0,0.0,0.0,0.0,1.0,0.0,0.0,2009-11-01
0.1637385560398466,0.5454545454545467,0.4999999999999999,1.0,0.0,1.0,0.0,0.0,0.0,0.0,0.0,0.0,0.0,0.0,0.0,2009-12-01
0.2925252416360314,0.5909090909090793,0.75,0.9330127018922194,0.0,0.0,0.0,1.0,0.0,0.0,0.0,0.0,0.0,0.0,0.0,2010-01-01
0.2590608292806006,0.5909090909090793,0.9330127018922193,0.75,0.0,0.0,1.0,0.0,0.0,0.0,0.0,0.0,0.0,0.0,0.0,2010-02-01
0.32243580974153435,0.5909090909090793,1.0,0.5,0.0,0.0,0.0,0.0,0.0,0.0,1.0,0.0,0.0,0.0,0.0,2010-03-01
0.33935190491734957,0.5909090909090793,0.9330127018922194,0.2500000000000001,0.0,0.0,0.0,0.0,0.0,0.0,0.0,0.0,0.0,0.0,0.0,2010-04-01
0.34334177527120396,0.5909090909090793,0.75,0.06698729810778065,0.0,0.0,0.0,0.0,0.0,0.0,0.0,1.0,0.0,0.0,0.0,2010-05-01
0.3645685183843607,0.5909090909090793,0.5000000000000001,0.0,0.0,0.0,0.0,0.0,0.0,1.0,0.0,0.0,0.0,0.0,0.0,2010-06-01
0.3791992635142635,0.5909090909090793,0.2500000000000001,0.06698729810778059,0.0,0.0,0.0,0.0,1.0,0.0,0.0,0.0,0.0,0.0,0.0,2010-07-01
0.3686059872701365,0.5909090909090793,0.06698729810778081,0.24999999999999978,1.0,0.0,0.0,0.0,0.0,0.0,0.0,0.0,0.0,0.0,0.0,2010-08-01
0.3690712251056569,0.5909090909090793,0.0,0.4999999999999999,0.0,0.0,0.0,0.0,0.0,0.0,0.0,0.0,0.0,0.0,1.0,2010-09-01
0.36923621829558445,0.5909090909090793,0.0669872981077807,0.75,0.0,0.0,0.0,0.0,0.0,0.0,0.0,0.0,0.0,1.0,0.0,2010-10-01
0.4109753131783203,0.5909090909090793,0.24999999999999978,0.9330127018922192,0.0,0.0,0.0,0.0,0.0,0.0,0.0,0.0,1.0,0.0,0.0,2010-11-01
0.26669228078742274,0.5909090909090793,0.4999999999999999,1.0,0.0,1.0,0.0,0.0,0.0,0.0,0.0,0.0,0.0,0.0,0.0,2010-12-01
0.33687669167952367,0.636363636363626,0.75,0.9330127018922194,0.0,0.0,0.0,1.0,0.0,0.0,0.0,0.0,0.0,0.0,0.0,2011-01-01
0.32353169663277653,0.636363636363626,0.9330127018922193,0.75,0.0,0.0,1.0,0.0,0.0,0.0,0.0,0.0,0.0,0.0,0.0,2011-02-01
0.45019405408537455,0.636363636363626,1.0,0.5,0.0,0.0,0.0,0.0,0.0,0.0,1.0,0.0,0.0,0.0,0.0,2011-03-01
0.40106166831401546,0.636363636363626,0.9330127018922194,0.2500000000000001,0.0,0.0,0.0,0.0,0.0,0.0,0.0,0.0,0.0,0.0,0.0,2011-04-01
0.4518915518579567,0.636363636363626,0.75,0.06698729810778065,0.0,0.0,0.0,0.0,0.0,0.0,0.0,1.0,0.0,0.0,0.0,2011-05-01
0.35774298538971966,0.636363636363626,0.5000000000000001,0.0,0.0,0.0,0.0,0.0,0.0,1.0,0.0,0.0,0.0,0.0,0.0,2011-06-01
0.39148357952310314,0.636363636363626,0.2500000000000001,0.06698729810778059,0.0,0.0,0.0,0.0,1.0,0.0,0.0,0.0,0.0,0.0,0.0,2011-07-01
0.4422312725299597,0.636363636363626,0.06698729810778081,0.24999999999999978,1.0,0.0,0.0,0.0,0.0,0.0,0.0,0.0,0.0,0.0,0.0,2011-08-01
0.45617365429945345,0.636363636363626,0.0,0.4999999999999999,0.0,0.0,0.0,0.0,0.0,0.0,0.0,0.0,0.0,0.0,1.0,2011-09-01
0.438496807476205,0.636363636363626,0.0669872981077807,0.75,0.0,0.0,0.0,0.0,0.0,0.0,0.0,0.0,0.0,1.0,0.0,2011-10-01
0.3954999957324521,0.636363636363626,0.24999999999999978,0.9330127018922192,0.0,0.0,0.0,0.0,0.0,0.0,0.0,0.0,1.0,0.0,0.0,2011-11-01
0.2547224625769291,0.636363636363626,0.4999999999999999,1.0,0.0,1.0,0.0,0.0,0.0,0.0,0.0,0.0,0.0,0.0,0.0,2011-12-01
0.32774342255794203,0.6818181818181728,0.75,0.9330127018922194,0.0,0.0,0.0,1.0,0.0,0.0,0.0,0.0,0.0,0.0,0.0,2012-01-01
0.38883915453537604,0.6818181818181728,0.9330127018922193,0.75,0.0,0.0,1.0,0.0,0.0,0.0,0.0,0.0,0.0,0.0,0.0,2012-02-01
0.4195819154754972,0.6818181818181728,1.0,0.5,0.0,0.0,0.0,0.0,0.0,0.0,1.0,0.0,0.0,0.0,0.0,2012-03-01
0.41697646434598284,0.6818181818181728,0.9330127018922194,0.2500000000000001,0.0,0.0,0.0,0.0,0.0,0.0,0.0,0.0,0.0,0.0,0.0,2012-04-01
0.5078543479548532,0.6818181818181728,0.75,0.06698729810778065,0.0,0.0,0.0,0.0,0.0,0.0,0.0,1.0,0.0,0.0,0.0,2012-05-01
0.42045553436377414,0.6818181818181728,0.5000000000000001,0.0,0.0,0.0,0.0,0.0,0.0,1.0,0.0,0.0,0.0,0.0,0.0,2012-06-01
0.41853505289800347,0.6818181818181728,0.2500000000000001,0.06698729810778059,0.0,0.0,0.0,0.0,1.0,0.0,0.0,0.0,0.0,0.0,0.0,2012-07-01
0.352774129190989,0.6818181818181728,0.06698729810778081,0.24999999999999978,1.0,0.0,0.0,0.0,0.0,0.0,0.0,0.0,0.0,0.0,0.0,2012-08-01
0.41028797156601376,0.6818181818181728,0.0,0.4999999999999999,0.0,0.0,0.0,0.0,0.0,0.0,0.0,0.0,0.0,0.0,1.0,2012-09-01
0.513521333373025,0.6818181818181728,0.0669872981077807,0.75,0.0,0.0,0.0,0.0,0.0,0.0,0.0,0.0,0.0,1.0,0.0,2012-10-01
0.5440872096548921,0.6818181818181728,0.24999999999999978,0.9330127018922192,0.0,0.0,0.0,0.0,0.0,0.0,0.0,0.0,1.0,0.0,0.0,2012-11-01
0.3237363840366566,0.6818181818181728,0.4999999999999999,1.0,0.0,1.0,0.0,0.0,0.0,0.0,0.0,0.0,0.0,0.0,0.0,2012-12-01
0.36242250958583305,0.7272727272727195,0.75,0.9330127018922194,0.0,0.0,0.0,1.0,0.0,0.0,0.0,0.0,0.0,0.0,0.0,2013-01-01
0.42460423662653296,0.7272727272727195,0.9330127018922193,0.75,0.0,0.0,1.0,0.0,0.0,0.0,0.0,0.0,0.0,0.0,0.0,2013-02-01
0.37696861664872167,0.7272727272727195,1.0,0.5,0.0,0.0,0.0,0.0,0.0,0.0,1.0,0.0,0.0,0.0,0.0,2013-03-01
0.49756711092774925,0.7272727272727195,0.9330127018922194,0.2500000000000001,0.0,0.0,0.0,0.0,0.0,0.0,0.0,0.0,0.0,0.0,0.0,2013-04-01
0.5741838684157073,0.7272727272727195,0.75,0.06698729810778065,0.0,0.0,0.0,0.0,0.0,0.0,0.0,1.0,0.0,0.0,0.0,2013-05-01
0.4097875062819896,0.7272727272727195,0.5000000000000001,0.0,0.0,0.0,0.0,0.0,0.0,1.0,0.0,0.0,0.0,0.0,0.0,2013-06-01
0.4424534201626006,0.7272727272727195,0.2500000000000001,0.06698729810778059,0.0,0.0,0.0,0.0,1.0,0.0,0.0,0.0,0.0,0.0,0.0,2013-07-01
0.41320329323465954,0.7272727272727195,0.06698729810778081,0.24999999999999978,1.0,0.0,0.0,0.0,0.0,0.0,0.0,0.0,0.0,0.0,0.0,2013-08-01
0.4157493458080484,0.7272727272727195,0.0,0.4999999999999999,0.0,0.0,0.0,0.0,0.0,0.0,0.0,0.0,0.0,0.0,1.0,2013-09-01
0.492586485497223,0.7272727272727195,0.0669872981077807,0.75,0.0,0.0,0.0,0.0,0.0,0.0,0.0,0.0,0.0,1.0,0.0,2013-10-01
0.47575578046967354,0.7272727272727195,0.24999999999999978,0.9330127018922192,0.0,0.0,0.0,0.0,0.0,0.0,0.0,0.0,1.0,0.0,0.0,2013-11-01
0.34613594654110164,0.7272727272727195,0.4999999999999999,1.0,0.0,1.0,0.0,0.0,0.0,0.0,0.0,0.0,0.0,0.0,0.0,2013-12-01
0.45947726264150773,0.7727272727272663,0.75,0.9330127018922194,0.0,0.0,0.0,1.0,0.0,0.0,0.0,0.0,0.0,0.0,0.0,2014-01-01
0.3832549876328029,0.7727272727272663,0.9330127018922193,0.75,0.0,0.0,1.0,0.0,0.0,0.0,0.0,0.0,0.0,0.0,0.0,2014-02-01
0.4942008941542522,0.7727272727272663,1.0,0.5,0.0,0.0,0.0,0.0,0.0,0.0,1.0,0.0,0.0,0.0,0.0,2014-03-01
0.5812101193928333,0.7727272727272663,0.9330127018922194,0.2500000000000001,0.0,0.0,0.0,0.0,0.0,0.0,0.0,0.0,0.0,0.0,0.0,2014-04-01
0.5381756093430651,0.7727272727272663,0.75,0.06698729810778065,0.0,0.0,0.0,0.0,0.0,0.0,0.0,1.0,0.0,0.0,0.0,2014-05-01
0.48229414719443314,0.7727272727272663,0.5000000000000001,0.0,0.0,0.0,0.0,0.0,0.0,1.0,0.0,0.0,0.0,0.0,0.0,2014-06-01
0.47781485390088735,0.7727272727272663,0.2500000000000001,0.06698729810778059,0.0,0.0,0.0,0.0,1.0,0.0,0.0,0.0,0.0,0.0,0.0,2014-07-01
0.501276042543079,0.7727272727272663,0.06698729810778081,0.24999999999999978,1.0,0.0,0.0,0.0,0.0,0.0,0.0,0.0,0.0,0.0,0.0,2014-08-01
0.5426140411104426,0.7727272727272663,0.0,0.4999999999999999,0.0,0.0,0.0,0.0,0.0,0.0,0.0,0.0,0.0,0.0,1.0,2014-09-01
0.5153277718878069,0.7727272727272663,0.0669872981077807,0.75,0.0,0.0,0.0,0.0,0.0,0.0,0.0,0.0,0.0,1.0,0.0,2014-10-01
0.55797879234818,0.7727272727272663,0.24999999999999978,0.9330127018922192,0.0,0.0,0.0,0.0,0.0,0.0,0.0,0.0,1.0,0.0,0.0,2014-11-01
0.4636520059508812,0.7727272727272663,0.4999999999999999,1.0,0.0,1.0,0.0,0.0,0.0,0.0,0.0,0.0,0.0,0.0,0.0,2014-12-01
0.47556100822135194,0.818181818181813,0.75,0.9330127018922194,0.0,0.0,0.0,1.0,0.0,0.0,0.0,0.0,0.0,0.0,0.0,2015-01-01
0.44430833899191274,0.818181818181813,0.9330127018922193,0.75,0.0,0.0,1.0,0.0,0.0,0.0,0.0,0.0,0.0,0.0,0.0,2015-02-01
0.5975388615055783,0.818181818181813,1.0,0.5,0.0,0.0,0.0,0.0,0.0,0.0,1.0,0.0,0.0,0.0,0.0,2015-03-01
0.5725204643711318,0.818181818181813,0.9330127018922194,0.2500000000000001,0.0,0.0,0.0,0.0,0.0,0.0,0.0,0.0,0.0,0.0,0.0,2015-04-01
0.49157129804400823,0.818181818181813,0.75,0.06698729810778065,0.0,0.0,0.0,0.0,0.0,0.0,0.0,1.0,0.0,0.0,0.0,2015-05-01
0.5237126511143398,0.818181818181813,0.5000000000000001,0.0,0.0,0.0,0.0,0.0,0.0,1.0,0.0,0.0,0.0,0.0,0.0,2015-06-01
0.6215837407804274,0.818181818181813,0.2500000000000001,0.06698729810778059,0.0,0.0,0.0,0.0,1.0,0.0,0.0,0.0,0.0,0.0,0.0,2015-07-01
0.5462843002599224,0.818181818181813,0.06698729810778081,0.24999999999999978,1.0,0.0,0.0,0.0,0.0,0.0,0.0,0.0,0.0,0.0,0.0,2015-08-01
0.6254605731355362,0.818181818181813,0.0,0.4999999999999999,0.0,0.0,0.0,0.0,0.0,0.0,0.0,0.0,0.0,0.0,1.0,2015-09-01
0.5822492969316315,0.818181818181813,0.0669872981077807,0.75,0.0,0.0,0.0,0.0,0.0,0.0,0.0,0.0,0.0,1.0,0.0,2015-10-01
0.599403537795993,0.818181818181813,0.24999999999999978,0.9330127018922192,0.0,0.0,0.0,0.0,0.0,0.0,0.0,0.0,1.0,0.0,0.0,2015-11-01
0.4444310682014274,0.818181818181813,0.4999999999999999,1.0,0.0,1.0,0.0,0.0,0.0,0.0,0.0,0.0,0.0,0.0,0.0,2015-12-01
0.47124963432965083,0.8636363636363598,0.75,0.9330127018922194,0.0,0.0,0.0,1.0,0.0,0.0,0.0,0.0,0.0,0.0,0.0,2016-01-01
0.5671843751085228,0.8636363636363598,0.9330127018922193,0.75,0.0,0.0,1.0,0.0,0.0,0.0,0.0,0.0,0.0,0.0,0.0,2016-02-01
0.6935209750053755,0.8636363636363598,1.0,0.5,0.0,0.0,0.0,0.0,0.0,0.0,1.0,0.0,0.0,0.0,0.0,2016-03-01
0.6402366285745692,0.8636363636363598,0.9330127018922194,0.2500000000000001,0.0,0.0,0.0,0.0,0.0,0.0,0.0,0.0,0.0,0.0,0.0,2016-04-01
0.7076962621553393,0.8636363636363598,0.75,0.06698729810778065,0.0,0.0,0.0,0.0,0.0,0.0,0.0,1.0,0.0,0.0,0.0,2016-05-01
0.5778747715423729,0.8636363636363598,0.5000000000000001,0.0,0.0,0.0,0.0,0.0,0.0,1.0,0.0,0.0,0.0,0.0,0.0,2016-06-01
0.6700577186062934,0.8636363636363598,0.2500000000000001,0.06698729810778059,0.0,0.0,0.0,0.0,1.0,0.0,0.0,0.0,0.0,0.0,0.0,2016-07-01
0.7159905118586337,0.8636363636363598,0.06698729810778081,0.24999999999999978,1.0,0.0,0.0,0.0,0.0,0.0,0.0,0.0,0.0,0.0,0.0,2016-08-01
0.6217788648086894,0.8636363636363598,0.0,0.4999999999999999,0.0,0.0,0.0,0.0,0.0,0.0,0.0,0.0,0.0,0.0,1.0,2016-09-01
0.5332218143645368,0.8636363636363598,0.0669872981077807,0.75,0.0,0.0,0.0,0.0,0.0,0.0,0.0,0.0,0.0,1.0,0.0,2016-10-01
0.7165717241689531,0.8636363636363598,0.24999999999999978,0.9330127018922192,0.0,0.0,0.0,0.0,0.0,0.0,0.0,0.0,1.0,0.0,0.0,2016-11-01
0.5520106067866466,0.8636363636363598,0.4999999999999999,1.0,0.0,1.0,0.0,0.0,0.0,0.0,0.0,0.0,0.0,0.0,0.0,2016-12-01
0.5796376341335162,0.9090909090909065,0.75,0.9330127018922194,0.0,0.0,0.0,1.0,0.0,0.0,0.0,0.0,0.0,0.0,0.0,2017-01-01
0.6330396840795177,0.9090909090909065,0.9330127018922193,0.75,0.0,0.0,1.0,0.0,0.0,0.0,0.0,0.0,0.0,0.0,0.0,2017-02-01
0.7402563621228752,0.9090909090909065,1.0,0.5,0.0,0.0,0.0,0.0,0.0,0.0,1.0,0.0,0.0,0.0,0.0,2017-03-01
0.6854134028793628,0.9090909090909065,0.9330127018922194,0.2500000000000001,0.0,0.0,0.0,0.0,0.0,0.0,0.0,0.0,0.0,0.0,0.0,2017-04-01
0.7415354974368086,0.9090909090909065,0.75,0.06698729810778065,0.0,0.0,0.0,0.0,0.0,0.0,0.0,1.0,0.0,0.0,0.0,2017-05-01
0.7424746565670651,0.9090909090909065,0.5000000000000001,0.0,0.0,0.0,0.0,0.0,0.0,1.0,0.0,0.0,0.0,0.0,0.0,2017-06-01
0.7103918855874803,0.9090909090909065,0.2500000000000001,0.06698729810778059,0.0,0.0,0.0,0.0,1.0,0.0,0.0,0.0,0.0,0.0,0.0,2017-07-01
0.707514226766925,0.9090909090909065,0.06698729810778081,0.24999999999999978,1.0,0.0,0.0,0.0,0.0,0.0,0.0,0.0,0.0,0.0,0.0,2017-08-01
0.7966232871208362,0.9090909090909065,0.0,0.4999999999999999,0.0,0.0,0.0,0.0,0.0,0.0,0.0,0.0,0.0,0.0,1.0,2017-09-01
0.8352831010234438,0.9090909090909065,0.0669872981077807,0.75,0.0,0.0,0.0,0.0,0.0,0.0,0.0,0.0,0.0,1.0,0.0,2017-10-01
0.7480936898071687,0.9090909090909065,0.24999999999999978,0.9330127018922192,0.0,0.0,0.0,0.0,0.0,0.0,0.0,0.0,1.0,0.0,0.0,2017-11-01
0.5030781187999805,0.9090909090909065,0.4999999999999999,1.0,0.0,1.0,0.0,0.0,0.0,0.0,0.0,0.0,0.0,0.0,0.0,2017-12-01
0.6761161053966553,0.9545454545454533,0.75,0.9330127018922194,0.0,0.0,0.0,1.0,0.0,0.0,0.0,0.0,0.0,0.0,0.0,2018-01-01
0.737297272311313,0.9545454545454533,0.9330127018922193,0.75,0.0,0.0,1.0,0.0,0.0,0.0,0.0,0.0,0.0,0.0,0.0,2018-02-01
0.842549113824014,0.9545454545454533,1.0,0.5,0.0,0.0,0.0,0.0,0.0,0.0,1.0,0.0,0.0,0.0,0.0,2018-03-01
0.8706919392081676,0.9545454545454533,0.9330127018922194,0.2500000000000001,0.0,0.0,0.0,0.0,0.0,0.0,0.0,0.0,0.0,0.0,0.0,2018-04-01
0.877414940014004,0.9545454545454533,0.75,0.06698729810778065,0.0,0.0,0.0,0.0,0.0,0.0,0.0,1.0,0.0,0.0,0.0,2018-05-01
0.854671535478952,0.9545454545454533,0.5000000000000001,0.0,0.0,0.0,0.0,0.0,0.0,1.0,0.0,0.0,0.0,0.0,0.0,2018-06-01
0.7791909758774631,0.9545454545454533,0.2500000000000001,0.06698729810778059,0.0,0.0,0.0,0.0,1.0,0.0,0.0,0.0,0.0,0.0,0.0,2018-07-01
0.9242318626300787,0.9545454545454533,0.06698729810778081,0.24999999999999978,1.0,0.0,0.0,0.0,0.0,0.0,0.0,0.0,0.0,0.0,0.0,2018-08-01
0.8838031750849343,0.9545454545454533,0.0,0.4999999999999999,0.0,0.0,0.0,0.0,0.0,0.0,0.0,0.0,0.0,0.0,1.0,2018-09-01
0.8043367117516764,0.9545454545454533,0.0669872981077807,0.75,0.0,0.0,0.0,0.0,0.0,0.0,0.0,0.0,0.0,1.0,0.0,2018-10-01
0.7927823409851538,0.9545454545454533,0.24999999999999978,0.9330127018922192,0.0,0.0,0.0,0.0,0.0,0.0,0.0,0.0,1.0,0.0,0.0,2018-11-01
0.668331403804809,0.9545454545454533,0.4999999999999999,1.0,0.0,1.0,0.0,0.0,0.0,0.0,0.0,0.0,0.0,0.0,0.0,2018-12-01
0.7223479750492696,1.0,0.75,0.9330127018922194,0.0,0.0,0.0,1.0,0.0,0.0,0.0,0.0,0.0,0.0,0.0,2019-01-01
0.952751517112344,1.0,0.9330127018922193,0.75,0.0,0.0,1.0,0.0,0.0,0.0,0.0,0.0,0.0,0.0,0.0,2019-02-01
0.8846368422227506,1.0,1.0,0.5,0.0,0.0,0.0,0.0,0.0,0.0,1.0,0.0,0.0,0.0,0.0,2019-03-01
0.9091157171687675,1.0,0.9330127018922194,0.2500000000000001,0.0,0.0,0.0,0.0,0.0,0.0,0.0,0.0,0.0,0.0,0.0,2019-04-01
0.9999999999999999,1.0,0.75,0.06698729810778065,0.0,0.0,0.0,0.0,0.0,0.0,0.0,1.0,0.0,0.0,0.0,2019-05-01
0.9734750702798701,1.0,0.5000000000000001,0.0,0.0,0.0,0.0,0.0,0.0,1.0,0.0,0.0,0.0,0.0,0.0,2019-06-01
0.9564466779893213,1.0,0.2500000000000001,0.06698729810778059,0.0,0.0,0.0,0.0,1.0,0.0,0.0,0.0,0.0,0.0,0.0,2019-07-01
