Year,Valor,Mes,Lag_1,Lag_12,MA_4,Month_sin,Month_cos,SubCategoria_Tequila 100%,Fecha
1995,0.1,7,5.0,0.1,2.8,-0.4999999999999997,-0.8660254037844388,1.0,1995-07-01
1995,5.7,7,0.1,5.4,2.7249999999999996,-0.4999999999999997,-0.8660254037844388,0.0,1995-07-01
1995,0.1,8,5.7,0.1,2.725,-0.8660254037844385,-0.5000000000000004,1.0,1995-08-01
1995,6.9,8,0.1,4.4,3.2,-0.8660254037844385,-0.5000000000000004,0.0,1995-08-01
1995,0.1,9,6.9,0.1,3.2,-1.0,-1.8369701987210297e-16,1.0,1995-09-01
1995,6.6,9,0.1,6.9,3.425,-1.0,-1.8369701987210297e-16,0.0,1995-09-01
1995,0.2,10,6.6,0.1,3.4499999999999997,-0.8660254037844386,0.5000000000000001,1.0,1995-10-01
1995,4.6,10,0.2,4.2,2.875,-0.8660254037844386,0.5000000000000001,0.0,1995-10-01
1995,0.1,11,4.6,0.1,2.875,-0.5000000000000004,0.8660254037844384,1.0,1995-11-01
1995,4.4,11,0.1,6.0,2.325,-0.5000000000000004,0.8660254037844384,0.0,1995-11-01
1995,0.1,12,4.4,0.1,2.3000000000000003,-2.4492935982947064e-16,1.0,1.0,1995-12-01
1995,3.3,12,0.1,5.0,1.975,-2.4492935982947064e-16,1.0,0.0,1995-12-01
1996,0.1,1,3.3,0.1,1.975,0.49999999999999994,0.8660254037844387,1.0,1996-01-01
1996,6.6,1,0.1,5.7,2.525,0.49999999999999994,0.8660254037844387,0.0,1996-01-01
1996,0.2,2,6.6,0.1,2.55,0.8660254037844386,0.5000000000000001,1.0,1996-02-01
1996,5.1,2,0.2,6.9,3.0,0.8660254037844386,0.5000000000000001,0.0,1996-02-01
1996,0.1,3,5.1,0.1,3.0,1.0,6.123233995736766e-17,1.0,1996-03-01
1996,6.0,3,0.1,6.6,2.8499999999999996,1.0,6.123233995736766e-17,0.0,1996-03-01
1996,0.1,4,6.0,0.2,2.825,0.8660254037844387,-0.4999999999999998,1.0,1996-04-01
1996,5.8,4,0.1,4.6,3.0,0.8660254037844387,-0.4999999999999998,0.0,1996-04-01
1996,0.2,5,5.8,0.1,3.025,0.49999999999999994,-0.8660254037844387,1.0,1996-05-01
1996,6.6,5,0.2,4.4,3.175,0.49999999999999994,-0.8660254037844387,0.0,1996-05-01
1996,0.1,6,6.6,0.1,3.175,1.2246467991473532e-16,-1.0,1.0,1996-06-01
1996,5.7,6,0.1,3.3,3.15,1.2246467991473532e-16,-1.0,0.0,1996-06-01
1996,0.2,7,5.7,0.1,3.15,-0.4999999999999997,-0.8660254037844388,1.0,1996-07-01
1996,6.1,7,0.2,6.6,3.025,-0.4999999999999997,-0.8660254037844388,0.0,1996-07-01
1996,0.2,8,6.1,0.2,3.05,-0.8660254037844385,-0.5000000000000004,1.0,1996-08-01
1996,8.2,8,0.2,5.1,3.675,-0.8660254037844385,-0.5000000000000004,0.0,1996-08-01
1996,0.1,9,8.2,0.1,3.65,-1.0,-1.8369701987210297e-16,1.0,1996-09-01
1996,7.1,9,0.1,6.0,3.9,-1.0,-1.8369701987210297e-16,0.0,1996-09-01
1996,0.2,10,7.1,0.1,3.8999999999999995,-0.8660254037844386,0.5000000000000001,1.0,1996-10-01
1996,6.3,10,0.2,5.8,3.425,-0.8660254037844386,0.5000000000000001,0.0,1996-10-01
1996,0.2,11,6.3,0.2,3.4499999999999997,-0.5000000000000004,0.8660254037844384,1.0,1996-11-01
1996,5.5,11,0.2,6.6,3.05,-0.5000000000000004,0.8660254037844384,0.0,1996-11-01
1996,0.2,12,5.5,0.1,3.0500000000000003,-2.4492935982947064e-16,1.0,1.0,1996-12-01
1996,4.4,12,0.2,5.7,2.575,-2.4492935982947064e-16,1.0,0.0,1996-12-01
1997,0.3,1,4.4,0.2,2.6000000000000005,0.49999999999999994,0.8660254037844387,1.0,1997-01-01
1997,6.8,1,0.3,6.1,2.925,0.49999999999999994,0.8660254037844387,0.0,1997-01-01
1997,0.3,2,6.8,0.2,2.95,0.8660254037844386,0.5000000000000001,1.0,1997-02-01
1997,6.6,2,0.3,8.2,3.5,0.8660254037844386,0.5000000000000001,0.0,1997-02-01
1997,0.1,3,6.6,0.1,3.4499999999999997,1.0,6.123233995736766e-17,1.0,1997-03-01
1997,6.5,3,0.1,7.1,3.375,1.0,6.123233995736766e-17,0.0,1997-03-01
1997,0.2,4,6.5,0.2,3.3499999999999996,0.8660254037844387,-0.4999999999999998,1.0,1997-04-01
1997,7.1,4,0.2,6.3,3.4749999999999996,0.8660254037844387,-0.4999999999999998,0.0,1997-04-01
1997,0.3,5,7.1,0.2,3.525,0.49999999999999994,-0.8660254037844387,1.0,1997-05-01
1997,6.7,5,0.3,5.5,3.575,0.49999999999999994,-0.8660254037844387,0.0,1997-05-01
1997,0.3,6,6.7,0.2,3.6,1.2246467991473532e-16,-1.0,1.0,1997-06-01
1997,6.6,6,0.3,4.4,3.4749999999999996,1.2246467991473532e-16,-1.0,0.0,1997-06-01
1997,0.2,7,6.6,0.3,3.4499999999999997,-0.4999999999999997,-0.8660254037844388,1.0,1997-07-01
1997,7.8,7,0.2,6.8,3.7249999999999996,-0.4999999999999997,-0.8660254037844388,0.0,1997-07-01
1997,0.3,8,7.8,0.3,3.7249999999999996,-0.8660254037844385,-0.5000000000000004,1.0,1997-08-01
1997,8.6,8,0.3,6.6,4.225,-0.8660254037844385,-0.5000000000000004,0.0,1997-08-01
1997,0.3,9,8.6,0.1,4.25,-1.0,-1.8369701987210297e-16,1.0,1997-09-01
1997,7.7,9,0.3,6.5,4.225,-1.0,-1.8369701987210297e-16,0.0,1997-09-01
1997,0.5,10,7.7,0.2,4.275,-0.8660254037844386,0.5000000000000001,1.0,1997-10-01
1997,6.5,10,0.5,7.1,3.75,-0.8660254037844386,0.5000000000000001,0.0,1997-10-01
1997,0.3,11,6.5,0.3,3.75,-0.5000000000000004,0.8660254037844384,1.0,1997-11-01
1997,5.6,11,0.3,6.7,3.2249999999999996,-0.5000000000000004,0.8660254037844384,0.0,1997-11-01
1997,0.2,12,5.6,0.3,3.15,-2.4492935982947064e-16,1.0,1.0,1997-12-01
1997,4.6,12,0.2,6.6,2.675,-2.4492935982947064e-16,1.0,0.0,1997-12-01
1998,0.4,1,4.6,0.2,2.6999999999999997,0.49999999999999994,0.8660254037844387,1.0,1998-01-01
1998,5.1,1,0.4,7.8,2.575,0.49999999999999994,0.8660254037844387,0.0,1998-01-01
1998,0.3,2,5.1,0.3,2.6,0.8660254037844386,0.5000000000000001,1.0,1998-02-01
1998,6.3,2,0.3,8.6,3.025,0.8660254037844386,0.5000000000000001,0.0,1998-02-01
1998,0.6,3,6.3,0.3,3.0749999999999997,1.0,6.123233995736766e-17,1.0,1998-03-01
1998,6.7,3,0.6,7.7,3.4749999999999996,1.0,6.123233995736766e-17,0.0,1998-03-01
1998,0.4,4,6.7,0.5,3.4999999999999996,0.8660254037844387,-0.4999999999999998,1.0,1998-04-01
1998,6.4,4,0.4,6.5,3.5250000000000004,0.8660254037844387,-0.4999999999999998,0.0,1998-04-01
1998,0.4,5,6.4,0.3,3.475,0.49999999999999994,-0.8660254037844387,1.0,1998-05-01
1998,7.4,5,0.4,5.6,3.6500000000000004,0.49999999999999994,-0.8660254037844387,0.0,1998-05-01
1998,0.4,6,7.4,0.2,3.6500000000000004,1.2246467991473532e-16,-1.0,1.0,1998-06-01
1998,9.2,6,0.4,4.6,4.35,1.2246467991473532e-16,-1.0,0.0,1998-06-01
1998,0.4,7,9.2,0.4,4.3500000000000005,-0.4999999999999997,-0.8660254037844388,1.0,1998-07-01
1998,6.9,7,0.4,5.1,4.225,-0.4999999999999997,-0.8660254037844388,0.0,1998-07-01
1998,0.5,8,6.9,0.3,4.25,-0.8660254037844385,-0.5000000000000004,1.0,1998-08-01
1998,6.8,8,0.5,6.3,3.6500000000000004,-0.8660254037844385,-0.5000000000000004,0.0,1998-08-01
1998,0.5,9,6.8,0.6,3.675,-1.0,-1.8369701987210297e-16,1.0,1998-09-01
1998,6.9,9,0.5,6.7,3.675,-1.0,-1.8369701987210297e-16,0.0,1998-09-01
1998,0.4,10,6.9,0.4,3.65,-0.8660254037844386,0.5000000000000001,1.0,1998-10-01
1998,7.4,10,0.4,6.4,3.8000000000000003,-0.8660254037844386,0.5000000000000001,0.0,1998-10-01
1998,0.6,11,7.4,0.4,3.825,-0.5000000000000004,0.8660254037844384,1.0,1998-11-01
1998,6.9,11,0.6,7.4,3.825,-0.5000000000000004,0.8660254037844384,0.0,1998-11-01
1998,0.3,12,6.9,0.4,3.8000000000000003,-2.4492935982947064e-16,1.0,1.0,1998-12-01
1998,5.5,12,0.3,9.2,3.325,-2.4492935982947064e-16,1.0,0.0,1998-12-01
1999,0.3,1,5.5,0.4,3.25,0.49999999999999994,0.8660254037844387,1.0,1999-01-01
1999,6.9,1,0.3,6.9,3.25,0.49999999999999994,0.8660254037844387,0.0,1999-01-01
1999,0.4,2,6.9,0.5,3.275,0.8660254037844386,0.5000000000000001,1.0,1999-02-01
1999,4.6,2,0.4,6.8,3.05,0.8660254037844386,0.5000000000000001,0.0,1999-02-01
1999,0.5,3,4.6,0.5,3.0999999999999996,1.0,6.123233995736766e-17,1.0,1999-03-01
1999,7.7,3,0.5,6.9,3.3,1.0,6.123233995736766e-17,0.0,1999-03-01
1999,0.6,4,7.7,0.4,3.35,0.8660254037844387,-0.4999999999999998,1.0,1999-04-01
1999,6.3,4,0.6,7.4,3.775,0.8660254037844387,-0.4999999999999998,0.0,1999-04-01
1999,0.5,5,6.3,0.6,3.775,0.49999999999999994,-0.8660254037844387,1.0,1999-05-01
1999,8.5,5,0.5,6.9,3.9749999999999996,0.49999999999999994,-0.8660254037844387,0.0,1999-05-01
1999,0.6,6,8.5,0.3,3.9749999999999996,1.2246467991473532e-16,-1.0,1.0,1999-06-01
1999,9.1,6,0.6,5.5,4.674999999999999,1.2246467991473532e-16,-1.0,0.0,1999-06-01
1999,0.6,7,9.1,0.3,4.699999999999999,-0.4999999999999997,-0.8660254037844388,1.0,1999-07-01
1999,8.0,7,0.6,6.9,4.574999999999999,-0.4999999999999997,-0.8660254037844388,0.0,1999-07-01
1999,0.6,8,8.0,0.4,4.574999999999999,-0.8660254037844385,-0.5000000000000004,1.0,1999-08-01
1999,8.3,8,0.6,4.6,4.375,-0.8660254037844385,-0.5000000000000004,0.0,1999-08-01
1999,0.7,9,8.3,0.5,4.3999999999999995,-1.0,-1.8369701987210297e-16,1.0,1999-09-01
1999,8.9,9,0.7,7.7,4.625,-1.0,-1.8369701987210297e-16,0.0,1999-09-01
1999,0.8,10,8.9,0.6,4.674999999999999,-0.8660254037844386,0.5000000000000001,1.0,1999-10-01
1999,8.0,10,0.8,6.3,4.6,-0.8660254037844386,0.5000000000000001,0.0,1999-10-01
1999,0.7,11,8.0,0.5,4.6,-0.5000000000000004,0.8660254037844384,1.0,1999-11-01
1999,7.8,11,0.7,8.5,4.324999999999999,-0.5000000000000004,0.8660254037844384,0.0,1999-11-01
1999,0.8,12,7.8,0.6,4.324999999999999,-2.4492935982947064e-16,1.0,1.0,1999-12-01
1999,6.1,12,0.8,9.1,3.8499999999999996,-2.4492935982947064e-16,1.0,0.0,1999-12-01
2000,0.5,1,6.1,0.6,3.8,0.49999999999999994,0.8660254037844387,1.0,2000-01-01
2000,7.5,1,0.5,8.0,3.7249999999999996,0.49999999999999994,0.8660254037844387,0.0,2000-01-01
2000,0.5,2,7.5,0.6,3.6499999999999995,0.8660254037844386,0.5000000000000001,1.0,2000-02-01
2000,7.4,2,0.5,8.3,3.975,0.8660254037844386,0.5000000000000001,0.0,2000-02-01
2000,0.8,3,7.4,0.7,4.05,1.0,6.123233995736766e-17,1.0,2000-03-01
2000,8.2,3,0.8,8.9,4.225,1.0,6.123233995736766e-17,0.0,2000-03-01
2000,0.8,4,8.2,0.8,4.3,0.8660254037844387,-0.4999999999999998,1.0,2000-04-01
2000,6.9,4,0.8,8.0,4.175,0.8660254037844387,-0.4999999999999998,0.0,2000-04-01
2000,0.8,5,6.9,0.7,4.175,0.49999999999999994,-0.8660254037844387,1.0,2000-05-01
2000,8.6,5,0.8,7.8,4.275,0.49999999999999994,-0.8660254037844387,0.0,2000-05-01
2000,0.6,6,8.6,0.8,4.225,1.2246467991473532e-16,-1.0,1.0,2000-06-01
2000,7.5,6,0.6,6.1,4.375,1.2246467991473532e-16,-1.0,0.0,2000-06-01
2000,0.6,7,7.5,0.5,4.325,-0.4999999999999997,-0.8660254037844388,1.0,2000-07-01
2000,6.0,7,0.6,7.5,3.675,-0.4999999999999997,-0.8660254037844388,0.0,2000-07-01
2000,0.6,8,6.0,0.5,3.675,-0.8660254037844385,-0.5000000000000004,1.0,2000-08-01
2000,9.2,8,0.6,7.4,4.1,-0.8660254037844385,-0.5000000000000004,0.0,2000-08-01
2000,0.9,9,9.2,0.8,4.175,-1.0,-1.8369701987210297e-16,1.0,2000-09-01
2000,6.9,9,0.9,8.2,4.4,-1.0,-1.8369701987210297e-16,0.0,2000-09-01
2000,0.7,10,6.9,0.8,4.425,-0.8660254037844386,0.5000000000000001,1.0,2000-10-01
2000,8.1,10,0.7,6.9,4.15,-0.8660254037844386,0.5000000000000001,0.0,2000-10-01
2000,0.7,11,8.1,0.8,4.1,-0.5000000000000004,0.8660254037844384,1.0,2000-11-01
2000,8.8,11,0.7,8.6,4.574999999999999,-0.5000000000000004,0.8660254037844384,0.0,2000-11-01
2000,0.7,12,8.8,0.6,4.575,-2.4492935982947064e-16,1.0,1.0,2000-12-01
2000,5.6,12,0.7,7.5,3.95,-2.4492935982947064e-16,1.0,0.0,2000-12-01
2001,0.4,1,5.6,0.6,3.875,0.49999999999999994,0.8660254037844387,1.0,2001-01-01
2001,4.8,1,0.4,6.0,2.875,0.49999999999999994,0.8660254037844387,0.0,2001-01-01
2001,0.7,2,4.8,0.6,2.875,0.8660254037844386,0.5000000000000001,1.0,2001-02-01
2001,4.6,2,0.7,9.2,2.625,0.8660254037844386,0.5000000000000001,0.0,2001-02-01
2001,0.6,3,4.6,0.9,2.675,1.0,6.123233995736766e-17,1.0,2001-03-01
2001,7.7,3,0.6,6.9,3.4,1.0,6.123233995736766e-17,0.0,2001-03-01
2001,0.4,4,7.7,0.7,3.325,0.8660254037844387,-0.4999999999999998,1.0,2001-04-01
2001,7.4,4,0.4,8.1,4.025,0.8660254037844387,-0.4999999999999998,0.0,2001-04-01
2001,0.7,5,7.4,0.7,4.05,0.49999999999999994,-0.8660254037844387,1.0,2001-05-01
2001,4.8,5,0.7,8.8,3.325,0.49999999999999994,-0.8660254037844387,0.0,2001-05-01
2001,0.6,6,4.8,0.7,3.375,1.2246467991473532e-16,-1.0,1.0,2001-06-01
2001,4.6,6,0.6,5.6,2.675,1.2246467991473532e-16,-1.0,0.0,2001-06-01
2001,0.6,7,4.6,0.4,2.65,-0.4999999999999997,-0.8660254037844388,1.0,2001-07-01
2001,7.0,7,0.6,4.8,3.1999999999999997,-0.4999999999999997,-0.8660254037844388,0.0,2001-07-01
2001,0.6,8,7.0,0.7,3.1999999999999997,-0.8660254037844385,-0.5000000000000004,1.0,2001-08-01
2001,5.0,8,0.6,4.6,3.3,-0.8660254037844385,-0.5000000000000004,0.0,2001-08-01
2001,0.5,9,5.0,0.6,3.275,-1.0,-1.8369701987210297e-16,1.0,2001-09-01
2001,5.2,9,0.5,7.7,2.825,-1.0,-1.8369701987210297e-16,0.0,2001-09-01
2001,0.7,10,5.2,0.4,2.85,-0.8660254037844386,0.5000000000000001,1.0,2001-10-01
2001,6.9,10,0.7,7.4,3.325,-0.8660254037844386,0.5000000000000001,0.0,2001-10-01
2001,0.8,11,6.9,0.7,3.4000000000000004,-0.5000000000000004,0.8660254037844384,1.0,2001-11-01
2001,5.9,11,0.8,4.8,3.575,-0.5000000000000004,0.8660254037844384,0.0,2001-11-01
2001,0.4,12,5.9,0.6,3.5,-2.4492935982947064e-16,1.0,1.0,2001-12-01
2001,4.8,12,0.4,4.6,2.975,-2.4492935982947064e-16,1.0,0.0,2001-12-01
2002,0.5,1,4.8,0.6,2.9,0.49999999999999994,0.8660254037844387,1.0,2002-01-01
2002,5.7,1,0.5,7.0,2.85,0.49999999999999994,0.8660254037844387,0.0,2002-01-01
2002,0.7,2,5.7,0.6,2.925,0.8660254037844386,0.5000000000000001,1.0,2002-02-01
2002,5.2,2,0.7,5.0,3.0250000000000004,0.8660254037844386,0.5000000000000001,0.0,2002-02-01
2002,0.6,3,5.2,0.5,3.0500000000000003,1.0,6.123233995736766e-17,1.0,2002-03-01
2002,6.0,3,0.6,5.2,3.125,1.0,6.123233995736766e-17,0.0,2002-03-01
2002,0.7,4,6.0,0.7,3.125,0.8660254037844387,-0.4999999999999998,1.0,2002-04-01
2002,7.0,4,0.7,6.9,3.575,0.8660254037844387,-0.4999999999999998,0.0,2002-04-01
2002,0.4,5,7.0,0.8,3.525,0.49999999999999994,-0.8660254037844387,1.0,2002-05-01
2002,8.9,5,0.4,5.9,4.25,0.49999999999999994,-0.8660254037844387,0.0,2002-05-01
2002,0.4,6,8.9,0.4,4.175,1.2246467991473532e-16,-1.0,1.0,2002-06-01
2002,6.7,6,0.4,4.8,4.1000000000000005,1.2246467991473532e-16,-1.0,0.0,2002-06-01
2002,0.8,7,6.7,0.5,4.2,-0.4999999999999997,-0.8660254037844388,1.0,2002-07-01
2002,9.2,7,0.8,5.7,4.275,-0.4999999999999997,-0.8660254037844388,0.0,2002-07-01
2002,0.8,8,9.2,0.7,4.375,-0.8660254037844385,-0.5000000000000004,1.0,2002-08-01
2002,6.9,8,0.8,5.2,4.425,-0.8660254037844385,-0.5000000000000004,0.0,2002-08-01
2002,0.7,9,6.9,0.6,4.3999999999999995,-1.0,-1.8369701987210297e-16,1.0,2002-09-01
2002,7.0,9,0.7,6.0,3.85,-1.0,-1.8369701987210297e-16,0.0,2002-09-01
2002,1.0,10,7.0,0.7,3.9,-0.8660254037844386,0.5000000000000001,1.0,2002-10-01
2002,7.4,10,1.0,7.0,4.025,-0.8660254037844386,0.5000000000000001,0.0,2002-10-01
2002,0.8,11,7.4,0.4,4.05,-0.5000000000000004,0.8660254037844384,1.0,2002-11-01
2002,6.1,11,0.8,8.9,3.825,-0.5000000000000004,0.8660254037844384,0.0,2002-11-01
2002,0.5,12,6.1,0.4,3.7,-2.4492935982947064e-16,1.0,1.0,2002-12-01
2002,3.9,12,0.5,6.7,2.8249999999999997,-2.4492935982947064e-16,1.0,0.0,2002-12-01
2003,0.8,1,3.9,0.8,2.8249999999999997,0.49999999999999994,0.8660254037844387,1.0,2003-01-01
2003,7.6,1,0.8,9.2,3.2,0.49999999999999994,0.8660254037844387,0.0,2003-01-01
2003,1.0,2,7.6,0.8,3.325,0.8660254037844386,0.5000000000000001,1.0,2003-02-01
2003,7.0,2,1.0,6.9,4.1,0.8660254037844386,0.5000000000000001,0.0,2003-02-01
2003,1.3,3,7.0,0.7,4.2250000000000005,1.0,6.123233995736766e-17,1.0,2003-03-01
2003,7.9,3,1.3,7.0,4.3,1.0,6.123233995736766e-17,0.0,2003-03-01
2003,1.0,4,7.9,1.0,4.3,0.8660254037844387,-0.4999999999999998,1.0,2003-04-01
2003,8.2,4,1.0,7.4,4.6,0.8660254037844387,-0.4999999999999998,0.0,2003-04-01
2003,0.7,5,8.2,0.8,4.449999999999999,0.49999999999999994,-0.8660254037844387,1.0,2003-05-01
2003,8.2,5,0.7,6.1,4.5249999999999995,0.49999999999999994,-0.8660254037844387,0.0,2003-05-01
2003,0.8,6,8.2,0.5,4.475,1.2246467991473532e-16,-1.0,1.0,2003-06-01
2003,8.7,6,0.8,3.9,4.6,1.2246467991473532e-16,-1.0,0.0,2003-06-01
2003,0.9,7,8.7,0.8,4.6499999999999995,-0.4999999999999997,-0.8660254037844388,1.0,2003-07-01
2003,8.2,7,0.9,7.6,4.65,-0.4999999999999997,-0.8660254037844388,0.0,2003-07-01
2003,1.0,8,8.2,1.0,4.699999999999999,-0.8660254037844385,-0.5000000000000004,1.0,2003-08-01
2003,6.2,8,1.0,7.0,4.075,-0.8660254037844385,-0.5000000000000004,0.0,2003-08-01
2003,1.3,9,6.2,1.3,4.175,-1.0,-1.8369701987210297e-16,1.0,2003-09-01
2003,7.2,9,1.3,7.9,3.925,-1.0,-1.8369701987210297e-16,0.0,2003-09-01
2003,1.2,10,7.2,1.0,3.975,-0.8660254037844386,0.5000000000000001,1.0,2003-10-01
2003,8.9,10,1.2,8.2,4.65,-0.8660254037844386,0.5000000000000001,0.0,2003-10-01
2003,0.9,11,8.9,0.7,4.55,-0.5000000000000004,0.8660254037844384,1.0,2003-11-01
2003,6.6,11,0.9,8.2,4.4,-0.5000000000000004,0.8660254037844384,0.0,2003-11-01
2003,0.9,12,6.6,0.8,4.325,-2.4492935982947064e-16,1.0,1.0,2003-12-01
2003,5.2,12,0.9,8.7,3.4000000000000004,-2.4492935982947064e-16,1.0,0.0,2003-12-01
2004,0.9,1,5.2,0.9,3.4,0.49999999999999994,0.8660254037844387,1.0,2004-01-01
2004,6.8,1,0.9,8.2,3.45,0.49999999999999994,0.8660254037844387,0.0,2004-01-01
2004,1.0,2,6.8,1.0,3.475,0.8660254037844386,0.5000000000000001,1.0,2004-02-01
2004,6.4,2,1.0,6.2,3.775,0.8660254037844386,0.5000000000000001,0.0,2004-02-01
2004,1.2,3,6.4,1.3,3.85,1.0,6.123233995736766e-17,1.0,2004-03-01
2004,8.1,3,1.2,7.2,4.175,1.0,6.123233995736766e-17,0.0,2004-03-01
2004,1.6,4,8.1,1.2,4.325,0.8660254037844387,-0.4999999999999998,1.0,2004-04-01
2004,8.4,4,1.6,8.9,4.824999999999999,0.8660254037844387,-0.4999999999999998,0.0,2004-04-01
2004,1.3,5,8.4,0.9,4.85,0.49999999999999994,-0.8660254037844387,1.0,2004-05-01
2004,8.5,5,1.3,6.6,4.95,0.49999999999999994,-0.8660254037844387,0.0,2004-05-01
2004,1.3,6,8.5,0.9,4.875,1.2246467991473532e-16,-1.0,1.0,2004-06-01
2004,9.4,6,1.3,5.2,5.125,1.2246467991473532e-16,-1.0,0.0,2004-06-01
2004,1.5,7,9.4,0.9,5.175000000000001,-0.4999999999999997,-0.8660254037844388,1.0,2004-07-01
2004,7.3,7,1.5,6.8,4.875,-0.4999999999999997,-0.8660254037844388,0.0,2004-07-01
2004,1.3,8,7.3,1.0,4.875,-0.8660254037844385,-0.5000000000000004,1.0,2004-08-01
2004,7.2,8,1.3,6.4,4.325,-0.8660254037844385,-0.5000000000000004,0.0,2004-08-01
2004,1.7,9,7.2,1.2,4.375,-1.0,-1.8369701987210297e-16,1.0,2004-09-01
2004,8.5,9,1.7,8.1,4.675,-1.0,-1.8369701987210297e-16,0.0,2004-09-01
2004,1.3,10,8.5,1.6,4.675,-0.8660254037844386,0.5000000000000001,1.0,2004-10-01
2004,7.3,10,1.3,8.4,4.699999999999999,-0.8660254037844386,0.5000000000000001,0.0,2004-10-01
2004,1.5,11,7.3,1.3,4.65,-0.5000000000000004,0.8660254037844384,1.0,2004-11-01
2004,9.6,11,1.5,8.5,4.925,-0.5000000000000004,0.8660254037844384,0.0,2004-11-01
2004,1.1,12,9.6,1.3,4.875,-2.4492935982947064e-16,1.0,1.0,2004-12-01
2004,6.1,12,1.1,9.4,4.574999999999999,-2.4492935982947064e-16,1.0,0.0,2004-12-01
2005,1.3,1,6.1,1.5,4.5249999999999995,0.49999999999999994,0.8660254037844387,1.0,2005-01-01
2005,7.1,1,1.3,7.3,3.8999999999999995,0.49999999999999994,0.8660254037844387,0.0,2005-01-01
2005,2.0,2,7.1,1.3,4.125,0.8660254037844386,0.5000000000000001,1.0,2005-02-01
2005,7.0,2,2.0,7.2,4.35,0.8660254037844386,0.5000000000000001,0.0,2005-02-01
2005,1.7,3,7.0,1.7,4.449999999999999,1.0,6.123233995736766e-17,1.0,2005-03-01
2005,8.3,3,1.7,8.5,4.75,1.0,6.123233995736766e-17,0.0,2005-03-01
2005,1.7,4,8.3,1.3,4.675000000000001,0.8660254037844387,-0.4999999999999998,1.0,2005-04-01
2005,8.6,4,1.7,7.3,5.075,0.8660254037844387,-0.4999999999999998,0.0,2005-04-01
2005,1.5,5,8.6,1.5,5.025,0.49999999999999994,-0.8660254037844387,1.0,2005-05-01
2005,9.2,5,1.5,9.6,5.25,0.49999999999999994,-0.8660254037844387,0.0,2005-05-01
2005,2.2,6,9.2,1.1,5.375,1.2246467991473532e-16,-1.0,1.0,2005-06-01
2005,10.1,6,2.2,6.1,5.75,1.2246467991473532e-16,-1.0,0.0,2005-06-01
2005,1.9,7,10.1,1.3,5.85,-0.4999999999999997,-0.8660254037844388,1.0,2005-07-01
2005,9.4,7,1.9,7.1,5.9,-0.4999999999999997,-0.8660254037844388,0.0,2005-07-01
2005,1.5,8,9.4,2.0,5.725,-0.8660254037844385,-0.5000000000000004,1.0,2005-08-01
2005,7.8,8,1.5,7.0,5.1499999999999995,-0.8660254037844385,-0.5000000000000004,0.0,2005-08-01
2005,2.1,9,7.8,1.7,5.2,-1.0,-1.8369701987210297e-16,1.0,2005-09-01
2005,7.9,9,2.1,8.3,4.824999999999999,-1.0,-1.8369701987210297e-16,0.0,2005-09-01
2005,2.1,10,7.9,1.7,4.975,-0.8660254037844386,0.5000000000000001,1.0,2005-10-01
2005,7.5,10,2.1,8.6,4.8999999999999995,-0.8660254037844386,0.5000000000000001,0.0,2005-10-01
2005,2.0,11,7.5,1.5,4.875,-0.5000000000000004,0.8660254037844384,1.0,2005-11-01
2005,9.1,11,2.0,9.2,5.174999999999999,-0.5000000000000004,0.8660254037844384,0.0,2005-11-01
2005,1.4,12,9.1,2.2,4.999999999999999,-2.4492935982947064e-16,1.0,1.0,2005-12-01
2005,3.8,12,1.4,10.1,4.074999999999999,-2.4492935982947064e-16,1.0,0.0,2005-12-01
2006,2.3,1,3.8,1.9,4.1499999999999995,0.49999999999999994,0.8660254037844387,1.0,2006-01-01
2006,9.2,1,2.3,9.4,4.174999999999999,0.49999999999999994,0.8660254037844387,0.0,2006-01-01
2006,2.3,2,9.2,1.5,4.3999999999999995,0.8660254037844386,0.5000000000000001,1.0,2006-02-01
2006,8.7,2,2.3,7.8,5.625,0.8660254037844386,0.5000000000000001,0.0,2006-02-01
2006,2.7,3,8.7,2.1,5.725,1.0,6.123233995736766e-17,1.0,2006-03-01
2006,9.0,3,2.7,7.9,5.675,1.0,6.123233995736766e-17,0.0,2006-03-01
2006,2.1,4,9.0,2.1,5.625,0.8660254037844387,-0.4999999999999998,1.0,2006-04-01
2006,9.9,4,2.1,7.5,5.925,0.8660254037844387,-0.4999999999999998,0.0,2006-04-01
2006,2.6,5,9.9,2.0,5.9,0.49999999999999994,-0.8660254037844387,1.0,2006-05-01
2006,10.6,5,2.6,9.1,6.3,0.49999999999999994,-0.8660254037844387,0.0,2006-05-01
2006,2.3,6,10.6,1.4,6.35,1.2246467991473532e-16,-1.0,1.0,2006-06-01
2006,7.3,6,2.3,3.8,5.699999999999999,1.2246467991473532e-16,-1.0,0.0,2006-06-01
2006,2.3,7,7.3,2.3,5.624999999999999,-0.4999999999999997,-0.8660254037844388,1.0,2006-07-01
2006,9.9,7,2.3,9.2,5.45,-0.4999999999999997,-0.8660254037844388,0.0,2006-07-01
2006,2.6,8,9.9,2.3,5.525,-0.8660254037844385,-0.5000000000000004,1.0,2006-08-01
2006,11.0,8,2.6,8.7,6.45,-0.8660254037844385,-0.5000000000000004,0.0,2006-08-01
2006,2.0,9,11.0,2.7,6.375,-1.0,-1.8369701987210297e-16,1.0,2006-09-01
2006,9.2,9,2.0,9.0,6.2,-1.0,-1.8369701987210297e-16,0.0,2006-09-01
2006,2.1,10,9.2,2.1,6.075,-0.8660254037844386,0.5000000000000001,1.0,2006-10-01
2006,12.1,10,2.1,9.9,6.35,-0.8660254037844386,0.5000000000000001,0.0,2006-10-01
2006,2.2,11,12.1,2.6,6.4,-0.5000000000000004,0.8660254037844384,1.0,2006-11-01
2006,9.3,11,2.2,10.6,6.425000000000001,-0.5000000000000004,0.8660254037844384,0.0,2006-11-01
2006,1.6,12,9.3,2.3,6.300000000000001,-2.4492935982947064e-16,1.0,1.0,2006-12-01
2006,6.9,12,1.6,7.3,5.000000000000001,-2.4492935982947064e-16,1.0,0.0,2006-12-01
2007,3.0,1,6.9,2.3,5.200000000000001,0.49999999999999994,0.8660254037844387,1.0,2007-01-01
2007,9.1,1,3.0,9.9,5.15,0.49999999999999994,0.8660254037844387,0.0,2007-01-01
2007,2.3,2,9.1,2.6,5.325,0.8660254037844386,0.5000000000000001,1.0,2007-02-01
2007,8.7,2,2.3,11.0,5.775,0.8660254037844386,0.5000000000000001,0.0,2007-02-01
2007,2.7,3,8.7,2.0,5.7,1.0,6.123233995736766e-17,1.0,2007-03-01
2007,9.5,3,2.7,9.2,5.800000000000001,1.0,6.123233995736766e-17,0.0,2007-03-01
2007,2.1,4,9.5,2.1,5.75,0.8660254037844387,-0.4999999999999998,1.0,2007-04-01
2007,7.1,4,2.1,12.1,5.35,0.8660254037844387,-0.4999999999999998,0.0,2007-04-01
2007,2.9,5,7.1,2.2,5.4,0.49999999999999994,-0.8660254037844387,1.0,2007-05-01
2007,8.1,5,2.9,9.3,5.050000000000001,0.49999999999999994,-0.8660254037844387,0.0,2007-05-01
2007,3.8,6,8.1,1.6,5.475,1.2246467991473532e-16,-1.0,1.0,2007-06-01
2007,7.2,6,3.8,6.9,5.5,1.2246467991473532e-16,-1.0,0.0,2007-06-01
2007,2.6,7,7.2,3.0,5.425000000000001,-0.4999999999999997,-0.8660254037844388,1.0,2007-07-01
2007,11.7,7,2.6,9.1,6.325,-0.4999999999999997,-0.8660254037844388,0.0,2007-07-01
2007,2.7,8,11.7,2.3,6.05,-0.8660254037844385,-0.5000000000000004,1.0,2007-08-01
2007,11.0,8,2.7,8.7,7.0,-0.8660254037844385,-0.5000000000000004,0.0,2007-08-01
2007,3.1,9,11.0,2.7,7.125,-1.0,-1.8369701987210297e-16,1.0,2007-09-01
2007,7.0,9,3.1,9.5,5.950000000000001,-1.0,-1.8369701987210297e-16,0.0,2007-09-01
2007,3.2,10,7.0,2.1,6.075,-0.8660254037844386,0.5000000000000001,1.0,2007-10-01
2007,8.8,10,3.2,7.1,5.525,-0.8660254037844386,0.5000000000000001,0.0,2007-10-01
2007,3.5,11,8.8,2.9,5.625,-0.5000000000000004,0.8660254037844384,1.0,2007-11-01
2007,7.8,11,3.5,8.1,5.825,-0.5000000000000004,0.8660254037844384,0.0,2007-11-01
2007,2.1,12,7.8,3.8,5.550000000000001,-2.4492935982947064e-16,1.0,1.0,2007-12-01
2007,5.0,12,2.1,7.2,4.6000000000000005,-2.4492935982947064e-16,1.0,0.0,2007-12-01
2008,2.9,1,5.0,2.6,4.45,0.49999999999999994,0.8660254037844387,1.0,2008-01-01
2008,8.3,1,2.9,11.7,4.575000000000001,0.49999999999999994,0.8660254037844387,0.0,2008-01-01
2008,2.3,2,8.3,2.7,4.625000000000001,0.8660254037844386,0.5000000000000001,1.0,2008-02-01
2008,9.2,2,2.3,11.0,5.675000000000001,0.8660254037844386,0.5000000000000001,0.0,2008-02-01
2008,2.4,3,9.2,3.1,5.550000000000001,1.0,6.123233995736766e-17,1.0,2008-03-01
2008,7.9,3,2.4,7.0,5.45,1.0,6.123233995736766e-17,0.0,2008-03-01
2008,2.7,4,7.9,3.2,5.55,0.8660254037844387,-0.4999999999999998,1.0,2008-04-01
2008,9.6,4,2.7,8.8,5.65,0.8660254037844387,-0.4999999999999998,0.0,2008-04-01
2008,3.7,5,9.6,3.5,5.9750000000000005,0.49999999999999994,-0.8660254037844387,1.0,2008-05-01
2008,8.8,5,3.7,7.8,6.2,0.49999999999999994,-0.8660254037844387,0.0,2008-05-01
2008,3.7,6,8.8,2.1,6.45,1.2246467991473532e-16,-1.0,1.0,2008-06-01
2008,9.2,6,3.7,5.0,6.35,1.2246467991473532e-16,-1.0,0.0,2008-06-01
2008,3.0,7,9.2,2.9,6.175,-0.4999999999999997,-0.8660254037844388,1.0,2008-07-01
2008,8.7,7,3.0,8.3,6.1499999999999995,-0.4999999999999997,-0.8660254037844388,0.0,2008-07-01
2008,3.1,8,8.7,2.3,6.0,-0.8660254037844385,-0.5000000000000004,1.0,2008-08-01
2008,8.5,8,3.1,9.2,5.824999999999999,-0.8660254037844385,-0.5000000000000004,0.0,2008-08-01
2008,3.5,9,8.5,2.4,5.949999999999999,-1.0,-1.8369701987210297e-16,1.0,2008-09-01
2008,8.0,9,3.5,7.9,5.775,-1.0,-1.8369701987210297e-16,0.0,2008-09-01
2008,3.2,10,8.0,2.7,5.8,-0.8660254037844386,0.5000000000000001,1.0,2008-10-01
2008,10.3,10,3.2,9.6,6.25,-0.8660254037844386,0.5000000000000001,0.0,2008-10-01
2008,2.9,11,10.3,3.7,6.1000000000000005,-0.5000000000000004,0.8660254037844384,1.0,2008-11-01
2008,8.2,11,2.9,8.8,6.15,-0.5000000000000004,0.8660254037844384,0.0,2008-11-01
2008,2.4,12,8.2,3.7,5.95,-2.4492935982947064e-16,1.0,1.0,2008-12-01
2008,5.1,12,2.4,9.2,4.65,-2.4492935982947064e-16,1.0,0.0,2008-12-01
2009,2.4,1,5.1,3.0,4.525,0.49999999999999994,0.8660254037844387,1.0,2009-01-01
2009,7.6,1,2.4,8.7,4.375,0.49999999999999994,0.8660254037844387,0.0,2009-01-01
2009,2.4,2,7.6,3.1,4.375,0.8660254037844386,0.5000000000000001,1.0,2009-02-01
2009,6.8,2,2.4,8.5,4.800000000000001,0.8660254037844386,0.5000000000000001,0.0,2009-02-01
2009,3.0,3,6.8,3.5,4.950000000000001,1.0,6.123233995736766e-17,1.0,2009-03-01
2009,8.6,3,3.0,8.0,5.2,1.0,6.123233995736766e-17,0.0,2009-03-01
2009,3.6,4,8.6,3.2,5.500000000000001,0.8660254037844387,-0.4999999999999998,1.0,2009-04-01
2009,9.9,4,3.6,10.3,6.275,0.8660254037844387,-0.4999999999999998,0.0,2009-04-01
2009,2.9,5,9.9,2.9,6.25,0.49999999999999994,-0.8660254037844387,1.0,2009-05-01
2009,8.0,5,2.9,8.2,6.1,0.49999999999999994,-0.8660254037844387,0.0,2009-05-01
2009,3.3,6,8.0,2.4,6.025,1.2246467991473532e-16,-1.0,1.0,2009-06-01
2009,9.8,6,3.3,5.1,6.0,1.2246467991473532e-16,-1.0,0.0,2009-06-01
2009,3.7,7,9.8,2.4,6.200000000000001,-0.4999999999999997,-0.8660254037844388,1.0,2009-07-01
2009,8.8,7,3.7,7.6,6.400000000000001,-0.4999999999999997,-0.8660254037844388,0.0,2009-07-01
2009,3.1,8,8.8,2.4,6.350000000000001,-0.8660254037844385,-0.5000000000000004,1.0,2009-08-01
2009,8.4,8,3.1,6.8,6.000000000000001,-0.8660254037844385,-0.5000000000000004,0.0,2009-08-01
2009,4.4,9,8.4,3.0,6.175000000000001,-1.0,-1.8369701987210297e-16,1.0,2009-09-01
2009,8.7,9,4.4,8.6,6.15,-1.0,-1.8369701987210297e-16,0.0,2009-09-01
2009,3.5,10,8.7,3.6,6.25,-0.8660254037844386,0.5000000000000001,1.0,2009-10-01
2009,8.1,10,3.5,9.9,6.175000000000001,-0.8660254037844386,0.5000000000000001,0.0,2009-10-01
2009,3.0,11,8.1,2.9,5.825000000000001,-0.5000000000000004,0.8660254037844384,1.0,2009-11-01
2009,7.5,11,3.0,8.0,5.525,-0.5000000000000004,0.8660254037844384,0.0,2009-11-01
2009,2.1,12,7.5,3.3,5.175000000000001,-2.4492935982947064e-16,1.0,1.0,2009-12-01
2009,6.7,12,2.1,9.8,4.825000000000001,-2.4492935982947064e-16,1.0,0.0,2009-12-01
2010,3.4,1,6.7,3.7,4.925000000000001,0.49999999999999994,0.8660254037844387,1.0,2010-01-01
2010,6.8,1,3.4,8.8,4.750000000000001,0.49999999999999994,0.8660254037844387,0.0,2010-01-01
2010,3.1,2,6.8,3.1,5.000000000000001,0.8660254037844386,0.5000000000000001,1.0,2010-02-01
2010,7.3,2,3.1,8.4,5.15,0.8660254037844386,0.5000000000000001,0.0,2010-02-01
2010,3.8,3,7.3,4.4,5.250000000000001,1.0,6.123233995736766e-17,1.0,2010-03-01
2010,9.0,3,3.8,8.7,5.800000000000001,1.0,6.123233995736766e-17,0.0,2010-03-01
2010,4.0,4,9.0,3.5,6.025,0.8660254037844387,-0.4999999999999998,1.0,2010-04-01
2010,10.7,4,4.0,8.1,6.875000000000001,0.8660254037844387,-0.4999999999999998,0.0,2010-04-01
2010,4.0,5,10.7,3.0,6.925000000000001,0.49999999999999994,-0.8660254037844387,1.0,2010-05-01
2010,8.0,5,4.0,7.5,6.675000000000001,0.49999999999999994,-0.8660254037844387,0.0,2010-05-01
2010,4.2,6,8.0,2.1,6.7250000000000005,1.2246467991473532e-16,-1.0,1.0,2010-06-01
2010,11.5,6,4.2,6.7,6.925000000000001,1.2246467991473532e-16,-1.0,0.0,2010-06-01
2010,4.4,7,11.5,3.4,7.025,-0.4999999999999997,-0.8660254037844388,1.0,2010-07-01
2010,7.6,7,4.4,6.8,6.925000000000001,-0.4999999999999997,-0.8660254037844388,0.0,2010-07-01
2010,4.3,8,7.6,3.1,6.950000000000001,-0.8660254037844385,-0.5000000000000004,1.0,2010-08-01
2010,8.3,8,4.3,7.3,6.150000000000001,-0.8660254037844385,-0.5000000000000004,0.0,2010-08-01
2010,4.3,9,8.3,3.8,6.125000000000001,-1.0,-1.8369701987210297e-16,1.0,2010-09-01
2010,11.2,9,4.3,9.0,7.025000000000001,-1.0,-1.8369701987210297e-16,0.0,2010-09-01
2010,4.4,10,11.2,4.0,7.050000000000001,-0.8660254037844386,0.5000000000000001,1.0,2010-10-01
2010,8.9,10,4.4,10.7,7.200000000000001,-0.8660254037844386,0.5000000000000001,0.0,2010-10-01
2010,4.8,11,8.9,4.0,7.325000000000001,-0.5000000000000004,0.8660254037844384,1.0,2010-11-01
2010,9.8,11,4.8,8.0,6.975000000000001,-0.5000000000000004,0.8660254037844384,0.0,2010-11-01
2010,3.2,12,9.8,4.2,6.675000000000002,-2.4492935982947064e-16,1.0,1.0,2010-12-01
2010,5.4,12,3.2,11.5,5.800000000000002,-2.4492935982947064e-16,1.0,0.0,2010-12-01
2011,4.0,1,5.4,4.4,5.600000000000001,0.49999999999999994,0.8660254037844387,1.0,2011-01-01
2011,8.1,1,4.0,7.6,5.175000000000001,0.49999999999999994,0.8660254037844387,0.0,2011-01-01
2011,3.9,2,8.1,4.3,5.3500000000000005,0.8660254037844386,0.5000000000000001,1.0,2011-02-01
2011,8.1,2,3.9,8.3,6.025,0.8660254037844386,0.5000000000000001,0.0,2011-02-01
2011,5.3,3,8.1,4.3,6.3500000000000005,1.0,6.123233995736766e-17,1.0,2011-03-01
2011,10.3,3,5.3,11.2,6.900000000000001,1.0,6.123233995736766e-17,0.0,2011-03-01
2011,4.8,4,10.3,4.4,7.125000000000002,0.8660254037844387,-0.4999999999999998,1.0,2011-04-01
2011,8.3,4,4.8,8.9,7.175000000000002,0.8660254037844387,-0.4999999999999998,0.0,2011-04-01
2011,5.3,5,8.3,4.8,7.175000000000002,0.49999999999999994,-0.8660254037844387,1.0,2011-05-01
2011,10.5,5,5.3,9.8,7.225000000000001,0.49999999999999994,-0.8660254037844387,0.0,2011-05-01
2011,4.3,6,10.5,3.2,7.100000000000001,1.2246467991473532e-16,-1.0,1.0,2011-06-01
2011,9.1,6,4.3,5.4,7.300000000000001,1.2246467991473532e-16,-1.0,0.0,2011-06-01
2011,4.7,7,9.1,4.0,7.15,-0.4999999999999997,-0.8660254037844388,1.0,2011-07-01
2011,11.4,7,4.7,8.1,7.375000000000001,-0.4999999999999997,-0.8660254037844388,0.0,2011-07-01
2011,5.3,8,11.4,3.9,7.625000000000001,-0.8660254037844385,-0.5000000000000004,1.0,2011-08-01
2011,9.8,8,5.3,8.1,7.800000000000002,-0.8660254037844385,-0.5000000000000004,0.0,2011-08-01
2011,5.3,9,9.8,5.3,7.950000000000002,-1.0,-1.8369701987210297e-16,1.0,2011-09-01
2011,8.7,9,5.3,10.3,7.275000000000001,-1.0,-1.8369701987210297e-16,0.0,2011-09-01
2011,5.1,10,8.7,4.8,7.225000000000001,-0.8660254037844386,0.5000000000000001,1.0,2011-10-01
2011,8.4,10,5.1,8.3,6.875000000000001,-0.8660254037844386,0.5000000000000001,0.0,2011-10-01
2011,4.7,11,8.4,5.3,6.7250000000000005,-0.5000000000000004,0.8660254037844384,1.0,2011-11-01
2011,8.0,11,4.7,10.5,6.550000000000001,-0.5000000000000004,0.8660254037844384,0.0,2011-11-01
2011,3.1,12,8.0,4.3,6.050000000000001,-2.4492935982947064e-16,1.0,1.0,2011-12-01
2011,7.3,12,3.1,9.1,5.775,-2.4492935982947064e-16,1.0,0.0,2011-12-01
2012,3.9,1,7.3,4.7,5.575000000000001,0.49999999999999994,0.8660254037844387,1.0,2012-01-01
2012,8.8,1,3.9,11.4,5.775000000000001,0.49999999999999994,0.8660254037844387,0.0,2012-01-01
2012,4.6,2,8.8,5.3,6.15,0.8660254037844386,0.5000000000000001,1.0,2012-02-01
2012,9.2,2,4.6,9.8,6.625000000000002,0.8660254037844386,0.5000000000000001,0.0,2012-02-01
2012,5.0,3,9.2,5.3,6.9,1.0,6.123233995736766e-17,1.0,2012-03-01
2012,10.3,3,5.0,8.7,7.275,1.0,6.123233995736766e-17,0.0,2012-03-01
2012,5.0,4,10.3,5.1,7.375,0.8660254037844387,-0.4999999999999998,1.0,2012-04-01
2012,10.9,4,5.0,8.4,7.800000000000002,0.8660254037844387,-0.4999999999999998,0.0,2012-04-01
2012,6.0,5,10.9,4.7,8.05,0.49999999999999994,-0.8660254037844387,1.0,2012-05-01
2012,9.3,5,6.0,8.0,7.800000000000002,0.49999999999999994,-0.8660254037844387,0.0,2012-05-01
2012,5.1,6,9.3,3.1,7.825000000000001,1.2246467991473532e-16,-1.0,1.0,2012-06-01
2012,10.1,6,5.1,7.3,7.625000000000001,1.2246467991473532e-16,-1.0,0.0,2012-06-01
2012,5.2,7,10.1,3.9,7.425000000000001,-0.4999999999999997,-0.8660254037844388,1.0,2012-07-01
2012,10.0,7,5.2,8.8,7.6000000000000005,-0.4999999999999997,-0.8660254037844388,0.0,2012-07-01
2012,4.7,8,10.0,4.6,7.500000000000001,-0.8660254037844385,-0.5000000000000004,1.0,2012-08-01
2012,7.4,8,4.7,9.2,6.825000000000001,-0.8660254037844385,-0.5000000000000004,0.0,2012-08-01
2012,5.0,9,7.4,5.0,6.775000000000001,-1.0,-1.8369701987210297e-16,1.0,2012-09-01
2012,7.3,9,5.0,10.3,6.100000000000001,-1.0,-1.8369701987210297e-16,0.0,2012-09-01
2012,6.2,10,7.3,5.0,6.475000000000001,-0.8660254037844386,0.5000000000000001,1.0,2012-10-01
2012,9.1,10,6.2,10.9,6.9,-0.8660254037844386,0.5000000000000001,0.0,2012-10-01
2012,6.4,11,9.1,6.0,7.25,-0.5000000000000004,0.8660254037844384,1.0,2012-11-01
2012,7.1,11,6.4,9.3,7.200000000000001,-0.5000000000000004,0.8660254037844384,0.0,2012-11-01
2012,4.0,12,7.1,5.1,6.65,-2.4492935982947064e-16,1.0,1.0,2012-12-01
2012,6.0,12,4.0,10.1,5.875000000000001,-2.4492935982947064e-16,1.0,0.0,2012-12-01
2013,4.5,1,6.0,5.2,5.4,0.49999999999999994,0.8660254037844387,1.0,2013-01-01
2013,8.4,1,4.5,10.0,5.725000000000001,0.49999999999999994,0.8660254037844387,0.0,2013-01-01
2013,5.1,2,8.4,4.7,6.000000000000001,0.8660254037844386,0.5000000000000001,1.0,2013-02-01
2013,9.1,2,5.1,7.4,6.775,0.8660254037844386,0.5000000000000001,0.0,2013-02-01
2013,4.5,3,9.1,5.0,6.775,1.0,6.123233995736766e-17,1.0,2013-03-01
2013,7.9,3,4.5,7.3,6.650000000000001,1.0,6.123233995736766e-17,0.0,2013-03-01
2013,5.9,4,7.9,6.2,6.850000000000001,0.8660254037844387,-0.4999999999999998,1.0,2013-04-01
2013,11.9,4,5.9,9.1,7.550000000000001,0.8660254037844387,-0.4999999999999998,0.0,2013-04-01
2013,6.8,5,11.9,6.4,8.125,0.49999999999999994,-0.8660254037844387,1.0,2013-05-01
2013,13.8,5,6.8,7.1,9.600000000000001,0.49999999999999994,-0.8660254037844387,0.0,2013-05-01
2013,5.0,6,13.8,4.0,9.375000000000002,1.2246467991473532e-16,-1.0,1.0,2013-06-01
2013,8.0,6,5.0,6.0,8.400000000000002,1.2246467991473532e-16,-1.0,0.0,2013-06-01
2013,5.3,7,8.0,4.5,8.025,-0.4999999999999997,-0.8660254037844388,1.0,2013-07-01
2013,11.5,7,5.3,8.4,7.450000000000001,-0.4999999999999997,-0.8660254037844388,0.0,2013-07-01
2013,5.0,8,11.5,5.1,7.450000000000001,-0.8660254037844385,-0.5000000000000004,1.0,2013-08-01
2013,9.0,8,5.0,9.1,7.700000000000001,-0.8660254037844385,-0.5000000000000004,0.0,2013-08-01
2013,5.1,9,9.0,4.5,7.65,-1.0,-1.8369701987210297e-16,1.0,2013-09-01
2013,7.2,9,5.1,7.9,6.575000000000001,-1.0,-1.8369701987210297e-16,0.0,2013-09-01
2013,5.9,10,7.2,5.9,6.800000000000001,-0.8660254037844386,0.5000000000000001,1.0,2013-10-01
2013,7.6,10,5.9,11.9,6.450000000000001,-0.8660254037844386,0.5000000000000001,0.0,2013-10-01
2013,5.7,11,7.6,6.8,6.6000000000000005,-0.5000000000000004,0.8660254037844384,1.0,2013-11-01
2013,7.9,11,5.7,13.8,6.775,-0.5000000000000004,0.8660254037844384,0.0,2013-11-01
2013,4.2,12,7.9,5.0,6.350000000000001,-2.4492935982947064e-16,1.0,1.0,2013-12-01
2013,6.6,12,4.2,8.0,6.1000000000000005,-2.4492935982947064e-16,1.0,0.0,2013-12-01
2014,5.6,1,6.6,5.3,6.075000000000001,0.49999999999999994,0.8660254037844387,1.0,2014-01-01
2014,5.7,1,5.6,11.5,5.525000000000001,0.49999999999999994,0.8660254037844387,0.0,2014-01-01
2014,4.7,2,5.7,5.0,5.65,0.8660254037844386,0.5000000000000001,1.0,2014-02-01
2014,7.5,2,4.7,9.0,5.875000000000001,0.8660254037844386,0.5000000000000001,0.0,2014-02-01
2014,6.1,3,7.5,5.1,6.000000000000001,1.0,6.123233995736766e-17,1.0,2014-03-01
2014,8.4,3,6.1,7.2,6.675000000000001,1.0,6.123233995736766e-17,0.0,2014-03-01
2014,6.8,4,8.4,5.9,7.200000000000001,0.8660254037844387,-0.4999999999999998,1.0,2014-04-01
2014,9.7,4,6.8,7.6,7.750000000000001,0.8660254037844387,-0.4999999999999998,0.0,2014-04-01
2014,6.6,5,9.7,5.7,7.875,0.49999999999999994,-0.8660254037844387,1.0,2014-05-01
2014,11.1,5,6.6,7.9,8.55,0.49999999999999994,-0.8660254037844387,0.0,2014-05-01
2014,5.8,6,11.1,4.2,8.3,1.2246467991473532e-16,-1.0,1.0,2014-06-01
2014,10.6,6,5.8,6.6,8.525,1.2246467991473532e-16,-1.0,0.0,2014-06-01
2014,5.8,7,10.6,5.6,8.325,-0.4999999999999997,-0.8660254037844388,1.0,2014-07-01
2014,11.8,7,5.8,5.7,8.5,-0.4999999999999997,-0.8660254037844388,0.0,2014-07-01
2014,6.0,8,11.8,4.7,8.55,-0.8660254037844385,-0.5000000000000004,1.0,2014-08-01
2014,9.7,8,6.0,7.5,8.325000000000001,-0.8660254037844385,-0.5000000000000004,0.0,2014-08-01
2014,6.6,9,9.7,6.1,8.525,-1.0,-1.8369701987210297e-16,1.0,2014-09-01
2014,7.3,9,6.6,8.4,7.4,-1.0,-1.8369701987210297e-16,0.0,2014-09-01
2014,6.3,10,7.3,6.8,7.4750000000000005,-0.8660254037844386,0.5000000000000001,1.0,2014-10-01
2014,6.6,10,6.3,9.7,6.700000000000001,-0.8660254037844386,0.5000000000000001,0.0,2014-10-01
2014,6.8,11,6.6,6.6,6.75,-0.5000000000000004,0.8660254037844384,1.0,2014-11-01
2014,5.2,11,6.8,11.1,6.225000000000001,-0.5000000000000004,0.8660254037844384,0.0,2014-11-01
2014,5.7,12,5.2,5.8,6.075000000000001,-2.4492935982947064e-16,1.0,1.0,2014-12-01
2014,6.2,12,5.7,10.6,5.9750000000000005,-2.4492935982947064e-16,1.0,0.0,2014-12-01
2015,5.8,1,6.2,5.8,5.725000000000001,0.49999999999999994,0.8660254037844387,1.0,2015-01-01
2015,7.8,1,5.8,11.8,6.375,0.49999999999999994,0.8660254037844387,0.0,2015-01-01
2015,5.4,2,7.8,6.0,6.300000000000001,0.8660254037844386,0.5000000000000001,1.0,2015-02-01
2015,9.2,2,5.4,9.7,7.050000000000001,0.8660254037844386,0.5000000000000001,0.0,2015-02-01
2015,7.1,3,9.2,6.6,7.375,1.0,6.123233995736766e-17,1.0,2015-03-01
2015,9.5,3,7.1,7.3,7.800000000000001,1.0,6.123233995736766e-17,0.0,2015-03-01
2015,6.7,4,9.5,6.3,8.125,0.8660254037844387,-0.4999999999999998,1.0,2015-04-01
2015,10.2,4,6.7,6.6,8.375,0.8660254037844387,-0.4999999999999998,0.0,2015-04-01
2015,6.0,5,10.2,6.8,8.100000000000001,0.49999999999999994,-0.8660254037844387,1.0,2015-05-01
2015,11.3,5,6.0,5.2,8.55,0.49999999999999994,-0.8660254037844387,0.0,2015-05-01
2015,6.2,6,11.3,5.7,8.425,1.2246467991473532e-16,-1.0,1.0,2015-06-01
2015,11.0,6,6.2,6.2,8.625,1.2246467991473532e-16,-1.0,0.0,2015-06-01
2015,7.4,7,11.0,5.8,8.975000000000001,-0.4999999999999997,-0.8660254037844388,1.0,2015-07-01
2015,9.7,7,7.4,7.8,8.575000000000001,-0.4999999999999997,-0.8660254037844388,0.0,2015-07-01
2015,6.6,8,9.7,5.4,8.675,-0.8660254037844385,-0.5000000000000004,1.0,2015-08-01
2015,7.8,8,6.6,9.2,7.875000000000001,-0.8660254037844385,-0.5000000000000004,0.0,2015-08-01
2015,7.5,9,7.8,7.1,7.9,-1.0,-1.8369701987210297e-16,1.0,2015-09-01
2015,7.6,9,7.5,9.5,7.375000000000001,-1.0,-1.8369701987210297e-16,0.0,2015-09-01
2015,6.9,10,7.6,6.7,7.450000000000001,-0.8660254037844386,0.5000000000000001,1.0,2015-10-01
2015,6.6,10,6.9,10.2,7.15,-0.8660254037844386,0.5000000000000001,0.0,2015-10-01
2015,7.0,11,6.6,6.0,7.025,-0.5000000000000004,0.8660254037844384,1.0,2015-11-01
2015,7.6,11,7.0,11.3,7.025000000000001,-0.5000000000000004,0.8660254037844384,0.0,2015-11-01
2015,5.3,12,7.6,6.2,6.625,-2.4492935982947064e-16,1.0,1.0,2015-12-01
2015,6.7,12,5.3,11.0,6.650000000000001,-2.4492935982947064e-16,1.0,0.0,2015-12-01
2016,5.8,1,6.7,7.4,6.350000000000001,0.49999999999999994,0.8660254037844387,1.0,2016-01-01
2016,8.1,1,5.8,9.7,6.4750000000000005,0.49999999999999994,0.8660254037844387,0.0,2016-01-01
2016,6.8,2,8.1,6.6,6.8500000000000005,0.8660254037844386,0.5000000000000001,1.0,2016-02-01
2016,9.2,2,6.8,7.8,7.4750000000000005,0.8660254037844386,0.5000000000000001,0.0,2016-02-01
2016,8.1,3,9.2,7.5,8.05,1.0,6.123233995736766e-17,1.0,2016-03-01
2016,9.7,3,8.1,7.6,8.450000000000001,1.0,6.123233995736766e-17,0.0,2016-03-01
2016,7.7,4,9.7,6.9,8.675,0.8660254037844387,-0.4999999999999998,1.0,2016-04-01
2016,10.2,4,7.7,6.6,8.925,0.8660254037844387,-0.4999999999999998,0.0,2016-04-01
2016,8.3,5,10.2,7.0,8.975000000000001,0.49999999999999994,-0.8660254037844387,1.0,2016-05-01
2016,11.7,5,8.3,7.6,9.475000000000001,0.49999999999999994,-0.8660254037844387,0.0,2016-05-01
2016,7.0,6,11.7,5.3,9.3,1.2246467991473532e-16,-1.0,1.0,2016-06-01
2016,9.2,6,7.0,6.7,9.05,1.2246467991473532e-16,-1.0,0.0,2016-06-01
2016,8.0,7,9.2,5.8,8.975000000000001,-0.4999999999999997,-0.8660254037844388,1.0,2016-07-01
2016,6.8,7,8.0,8.1,7.750000000000001,-0.4999999999999997,-0.8660254037844388,0.0,2016-07-01
2016,8.4,8,6.8,6.8,8.100000000000001,-0.8660254037844385,-0.5000000000000004,1.0,2016-08-01
2016,8.7,8,8.4,9.2,7.9750000000000005,-0.8660254037844385,-0.5000000000000004,0.0,2016-08-01
2016,7.5,9,8.7,8.1,7.8500000000000005,-1.0,-1.8369701987210297e-16,1.0,2016-09-01
2016,8.8,9,7.5,9.7,8.350000000000001,-1.0,-1.8369701987210297e-16,0.0,2016-09-01
2016,6.6,10,8.8,7.7,7.9,-0.8660254037844386,0.5000000000000001,1.0,2016-10-01
2016,9.0,10,6.6,10.2,7.975000000000001,-0.8660254037844386,0.5000000000000001,0.0,2016-10-01
2016,8.4,11,9.0,8.3,8.200000000000001,-0.5000000000000004,0.8660254037844384,1.0,2016-11-01
2016,9.0,11,8.4,11.7,8.25,-0.5000000000000004,0.8660254037844384,0.0,2016-11-01
2016,6.6,12,9.0,7.0,8.25,-2.4492935982947064e-16,1.0,1.0,2016-12-01
2016,8.6,12,6.6,9.2,8.15,-2.4492935982947064e-16,1.0,0.0,2016-12-01
2017,7.0,1,8.6,8.0,7.800000000000001,0.49999999999999994,0.8660254037844387,1.0,2017-01-01
2017,7.7,1,7.0,6.8,7.4750000000000005,0.49999999999999994,0.8660254037844387,0.0,2017-01-01
2017,7.9,2,7.7,8.4,7.800000000000002,0.8660254037844386,0.5000000000000001,1.0,2017-02-01
2017,8.7,2,7.9,8.7,7.825000000000001,0.8660254037844386,0.5000000000000001,0.0,2017-02-01
2017,8.9,3,8.7,7.5,8.3,1.0,6.123233995736766e-17,1.0,2017-03-01
2017,9.7,3,8.9,8.8,8.8,1.0,6.123233995736766e-17,0.0,2017-03-01
2017,8.2,4,9.7,6.6,8.875,0.8660254037844387,-0.4999999999999998,1.0,2017-04-01
2017,9.0,4,8.2,9.0,8.950000000000001,0.8660254037844387,-0.4999999999999998,0.0,2017-04-01
2017,8.9,5,9.0,8.4,8.950000000000001,0.49999999999999994,-0.8660254037844387,1.0,2017-05-01
2017,8.9,5,8.9,9.0,8.75,0.49999999999999994,-0.8660254037844387,0.0,2017-05-01
2017,9.0,6,8.9,6.6,8.950000000000001,1.2246467991473532e-16,-1.0,1.0,2017-06-01
2017,10.1,6,9.0,8.6,9.225000000000001,1.2246467991473532e-16,-1.0,0.0,2017-06-01
2017,8.5,7,10.1,7.0,9.125,-0.4999999999999997,-0.8660254037844388,1.0,2017-07-01
2017,9.4,7,8.5,7.7,9.250000000000002,-0.4999999999999997,-0.8660254037844388,0.0,2017-07-01
2017,8.6,8,9.4,7.9,9.150000000000002,-0.8660254037844385,-0.5000000000000004,1.0,2017-08-01
2017,9.6,8,8.6,8.7,9.025,-0.8660254037844385,-0.5000000000000004,0.0,2017-08-01
2017,9.4,9,9.6,8.9,9.25,-1.0,-1.8369701987210297e-16,1.0,2017-09-01
2017,8.9,9,9.4,9.7,9.125000000000002,-1.0,-1.8369701987210297e-16,0.0,2017-09-01
2017,10.1,10,8.9,8.2,9.5,-0.8660254037844386,0.5000000000000001,1.0,2017-10-01
2017,10.3,10,10.1,9.0,9.675,-0.8660254037844386,0.5000000000000001,0.0,2017-10-01
2017,8.8,11,10.3,8.9,9.525000000000002,-0.5000000000000004,0.8660254037844384,1.0,2017-11-01
2017,11.5,11,8.8,8.9,10.175,-0.5000000000000004,0.8660254037844384,0.0,2017-11-01
2017,6.1,12,11.5,9.0,9.175,-2.4492935982947064e-16,1.0,1.0,2017-12-01
2017,8.1,12,6.1,10.1,8.625,-2.4492935982947064e-16,1.0,0.0,2017-12-01
2018,8.2,1,8.1,8.5,8.475000000000001,0.49999999999999994,0.8660254037844387,1.0,2018-01-01
2018,9.3,1,8.2,9.4,7.925000000000001,0.49999999999999994,0.8660254037844387,0.0,2018-01-01
2018,8.7,2,9.3,8.6,8.575,0.8660254037844386,0.5000000000000001,1.0,2018-02-01
2018,8.8,2,8.7,9.6,8.75,0.8660254037844386,0.5000000000000001,0.0,2018-02-01
2018,10.0,3,8.8,9.4,9.200000000000001,1.0,6.123233995736766e-17,1.0,2018-03-01
2018,10.0,3,10.0,8.9,9.375,1.0,6.123233995736766e-17,0.0,2018-03-01
2018,10.3,4,10.0,10.1,9.775000000000002,0.8660254037844387,-0.4999999999999998,1.0,2018-04-01
2018,10.5,4,10.3,10.3,10.200000000000001,0.8660254037844387,-0.4999999999999998,0.0,2018-04-01
2018,10.4,5,10.5,8.8,10.3,0.49999999999999994,-0.8660254037844387,1.0,2018-05-01
2018,10.5,5,10.4,11.5,10.425,0.49999999999999994,-0.8660254037844387,0.0,2018-05-01
2018,10.0,6,10.5,6.1,10.350000000000001,1.2246467991473532e-16,-1.0,1.0,2018-06-01
2018,9.3,6,10.0,8.1,10.05,1.2246467991473532e-16,-1.0,0.0,2018-06-01
2018,9.3,7,9.3,8.2,9.775000000000002,-0.4999999999999997,-0.8660254037844388,1.0,2018-07-01
2018,8.3,7,9.3,9.3,9.225000000000001,-0.4999999999999997,-0.8660254037844388,0.0,2018-07-01
2018,10.8,8,8.3,8.7,9.425000000000002,-0.8660254037844385,-0.5000000000000004,1.0,2018-08-01
2018,8.2,8,10.8,8.8,9.15,-0.8660254037844385,-0.5000000000000004,0.0,2018-08-01
2018,10.5,9,8.2,10.0,9.450000000000001,-1.0,-1.8369701987210297e-16,1.0,2018-09-01
2018,7.6,9,10.5,10.0,9.275,-1.0,-1.8369701987210297e-16,0.0,2018-09-01
2018,9.7,10,7.6,10.3,9.0,-0.8660254037844386,0.5000000000000001,1.0,2018-10-01
2018,11.6,10,9.7,10.5,9.85,-0.8660254037844386,0.5000000000000001,0.0,2018-10-01
2018,9.5,11,11.6,10.4,9.6,-0.5000000000000004,0.8660254037844384,1.0,2018-11-01
2018,8.4,11,9.5,10.5,9.8,-0.5000000000000004,0.8660254037844384,0.0,2018-11-01
2018,8.0,12,8.4,10.0,9.375,-2.4492935982947064e-16,1.0,1.0,2018-12-01
2018,6.4,12,8.0,9.3,8.075000000000001,-2.4492935982947064e-16,1.0,0.0,2018-12-01
2019,8.7,1,6.4,9.3,7.875,0.49999999999999994,0.8660254037844387,1.0,2019-01-01
2019,7.8,1,8.7,8.3,7.7250000000000005,0.49999999999999994,0.8660254037844387,0.0,2019-01-01
2019,11.2,2,7.8,10.8,8.525,0.8660254037844386,0.5000000000000001,1.0,2019-02-01
2019,9.3,2,11.2,8.2,9.25,0.8660254037844386,0.5000000000000001,0.0,2019-02-01
2019,10.5,3,9.3,10.5,9.7,1.0,6.123233995736766e-17,1.0,2019-03-01
2019,7.6,3,10.5,7.6,9.65,1.0,6.123233995736766e-17,0.0,2019-03-01
2019,10.9,4,7.6,9.7,9.575000000000001,0.8660254037844387,-0.4999999999999998,1.0,2019-04-01
2019,10.7,4,10.9,11.6,9.925,0.8660254037844387,-0.4999999999999998,0.0,2019-04-01
2019,12.1,5,10.7,9.5,10.325000000000001,0.49999999999999994,-0.8660254037844387,1.0,2019-05-01
2019,12.1,5,12.1,8.4,11.45,0.49999999999999994,-0.8660254037844387,0.0,2019-05-01
2019,11.6,6,12.1,8.0,11.625,1.2246467991473532e-16,-1.0,1.0,2019-06-01
2019,11.2,6,11.6,6.4,11.75,1.2246467991473532e-16,-1.0,0.0,2019-06-01
2019,11.4,7,11.2,8.7,11.575000000000001,-0.4999999999999997,-0.8660254037844388,1.0,2019-07-01
2019,10.9,7,11.4,7.8,11.275,-0.4999999999999997,-0.8660254037844388,0.0,2019-07-01
2019,10.2,8,10.9,11.2,10.925,-0.8660254037844385,-0.5000000000000004,1.0,2019-08-01
2019,10.8,8,10.2,9.3,10.825000000000001,-0.8660254037844385,-0.5000000000000004,0.0,2019-08-01
2019,11.4,9,10.8,10.5,10.825000000000001,-1.0,-1.8369701987210297e-16,1.0,2019-09-01
2019,8.9,9,11.4,7.6,10.325000000000001,-1.0,-1.8369701987210297e-16,0.0,2019-09-01
2019,12.0,10,8.9,10.9,10.775,-0.8660254037844386,0.5000000000000001,1.0,2019-10-01
2019,11.3,10,12.0,10.7,10.900000000000002,-0.8660254037844386,0.5000000000000001,0.0,2019-10-01
2019,11.5,11,11.3,12.1,10.925,-0.5000000000000004,0.8660254037844384,1.0,2019-11-01
2019,8.7,11,11.5,12.1,10.875,-0.5000000000000004,0.8660254037844384,0.0,2019-11-01
2019,8.4,12,8.7,11.6,9.975000000000001,-2.4492935982947064e-16,1.0,1.0,2019-12-01
2019,7.4,12,8.4,11.2,9.000000000000002,-2.4492935982947064e-16,1.0,0.0,2019-12-01
2020,10.9,1,7.4,11.4,8.850000000000001,0.49999999999999994,0.8660254037844387,1.0,2020-01-01
2020,8.1,1,10.9,10.9,8.700000000000001,0.49999999999999994,0.8660254037844387,0.0,2020-01-01
2020,11.9,2,8.1,10.2,9.575000000000001,0.8660254037844386,0.5000000000000001,1.0,2020-02-01
2020,10.2,2,11.9,10.8,10.275000000000002,0.8660254037844386,0.5000000000000001,0.0,2020-02-01
2020,14.2,3,10.2,11.4,11.100000000000001,1.0,6.123233995736766e-17,1.0,2020-03-01
2020,11.2,3,14.2,8.9,11.875,1.0,6.123233995736766e-17,0.0,2020-03-01
2020,12.7,4,11.2,12.0,12.075,0.8660254037844387,-0.4999999999999998,1.0,2020-04-01
2020,10.4,4,12.7,11.3,12.125,0.8660254037844387,-0.4999999999999998,0.0,2020-04-01
2020,9.0,5,10.4,11.5,10.825000000000001,0.49999999999999994,-0.8660254037844387,1.0,2020-05-01
2020,8.4,5,9.0,8.7,10.125000000000002,0.49999999999999994,-0.8660254037844387,0.0,2020-05-01
2020,11.9,6,8.4,8.4,9.925,1.2246467991473532e-16,-1.0,1.0,2020-06-01
2020,9.2,6,11.9,7.4,9.625000000000002,1.2246467991473532e-16,-1.0,0.0,2020-06-01
2020,14.5,7,9.2,10.9,11.000000000000002,-0.4999999999999997,-0.8660254037844388,1.0,2020-07-01
2020,11.3,7,14.5,8.1,11.725000000000001,-0.4999999999999997,-0.8660254037844388,0.0,2020-07-01
2020,15.3,8,11.3,11.9,12.575000000000001,-0.8660254037844385,-0.5000000000000004,1.0,2020-08-01
2020,11.2,8,15.3,10.2,13.075000000000001,-0.8660254037844385,-0.5000000000000004,0.0,2020-08-01
2020,15.4,9,11.2,14.2,13.3,-1.0,-1.8369701987210297e-16,1.0,2020-09-01
2020,14.8,9,15.4,11.2,14.175,-1.0,-1.8369701987210297e-16,0.0,2020-09-01
2020,16.7,10,14.8,12.7,14.525000000000002,-0.8660254037844386,0.5000000000000001,1.0,2020-10-01
2020,11.2,10,16.7,10.4,14.525,-0.8660254037844386,0.5000000000000001,0.0,2020-10-01
2020,16.5,11,11.2,9.0,14.8,-0.5000000000000004,0.8660254037844384,1.0,2020-11-01
2020,9.3,11,16.5,8.4,13.425,-0.5000000000000004,0.8660254037844384,0.0,2020-11-01
2020,14.4,12,9.3,11.9,12.850000000000001,-2.4492935982947064e-16,1.0,1.0,2020-12-01
2020,7.8,12,14.4,9.2,12.0,-2.4492935982947064e-16,1.0,0.0,2020-12-01
2021,13.2,1,7.8,14.5,11.175,0.49999999999999994,0.8660254037844387,1.0,2021-01-01
2021,7.4,1,13.2,11.3,10.700000000000001,0.49999999999999994,0.8660254037844387,0.0,2021-01-01
2021,15.2,2,7.4,15.3,10.9,0.8660254037844386,0.5000000000000001,1.0,2021-02-01
2021,6.0,2,15.2,11.2,10.450000000000001,0.8660254037844386,0.5000000000000001,0.0,2021-02-01
2021,16.7,3,6.0,15.4,11.325,1.0,6.123233995736766e-17,1.0,2021-03-01
2021,10.2,3,16.7,14.8,12.025,1.0,6.123233995736766e-17,0.0,2021-03-01
2021,16.6,4,10.2,16.7,12.375,0.8660254037844387,-0.4999999999999998,1.0,2021-04-01
2021,9.8,4,16.6,11.2,13.325,0.8660254037844387,-0.4999999999999998,0.0,2021-04-01
2021,17.4,5,9.8,16.5,13.5,0.49999999999999994,-0.8660254037844387,1.0,2021-05-01
2021,11.7,5,17.4,9.3,13.875,0.49999999999999994,-0.8660254037844387,0.0,2021-05-01
2021,19.7,6,11.7,14.4,14.650000000000002,1.2246467991473532e-16,-1.0,1.0,2021-06-01
2021,13.3,6,19.7,7.8,15.525,1.2246467991473532e-16,-1.0,0.0,2021-06-01
2021,18.7,7,13.3,13.2,15.850000000000001,-0.4999999999999997,-0.8660254037844388,1.0,2021-07-01
2021,13.4,7,18.7,7.4,16.275,-0.4999999999999997,-0.8660254037844388,0.0,2021-07-01
2021,18.6,8,13.4,15.2,16.0,-0.8660254037844385,-0.5000000000000004,1.0,2021-08-01
2021,12.4,8,18.6,6.0,15.775000000000002,-0.8660254037844385,-0.5000000000000004,0.0,2021-08-01
2021,18.7,9,12.4,16.7,15.775000000000002,-1.0,-1.8369701987210297e-16,1.0,2021-09-01
2021,11.3,9,18.7,10.2,15.250000000000004,-1.0,-1.8369701987210297e-16,0.0,2021-09-01
2021,19.0,10,11.3,16.6,15.350000000000001,-0.8660254037844386,0.5000000000000001,1.0,2021-10-01
2021,11.1,10,19.0,9.8,15.025000000000002,-0.8660254037844386,0.5000000000000001,0.0,2021-10-01
2021,20.4,11,11.1,17.4,15.450000000000001,-0.5000000000000004,0.8660254037844384,1.0,2021-11-01
2021,10.9,11,20.4,11.7,15.35,-0.5000000000000004,0.8660254037844384,0.0,2021-11-01
2021,17.0,12,10.9,19.7,14.850000000000001,-2.4492935982947064e-16,1.0,1.0,2021-12-01
2021,10.7,12,17.0,13.3,14.75,-2.4492935982947064e-16,1.0,0.0,2021-12-01
2022,16.2,1,10.7,18.7,13.700000000000001,0.49999999999999994,0.8660254037844387,1.0,2022-01-01
2022,10.4,1,16.2,13.4,13.575000000000001,0.49999999999999994,0.8660254037844387,0.0,2022-01-01
2022,20.3,2,10.4,18.6,14.400000000000002,0.8660254037844386,0.5000000000000001,1.0,2022-02-01
2022,12.2,2,20.3,12.4,14.775000000000002,0.8660254037844386,0.5000000000000001,0.0,2022-02-01
2022,22.5,3,12.2,18.7,16.35,1.0,6.123233995736766e-17,1.0,2022-03-01
2022,12.6,3,22.5,11.3,16.900000000000002,1.0,6.123233995736766e-17,0.0,2022-03-01
2022,20.7,4,12.6,19.0,17.0,0.8660254037844387,-0.4999999999999998,1.0,2022-04-01
2022,10.6,4,20.7,11.1,16.6,0.8660254037844387,-0.4999999999999998,0.0,2022-04-01
2022,25.9,5,10.6,20.4,17.450000000000003,0.49999999999999994,-0.8660254037844387,1.0,2022-05-01
2022,11.5,5,25.9,10.9,17.175000000000004,0.49999999999999994,-0.8660254037844387,0.0,2022-05-01
2022,25.0,6,11.5,17.0,18.25,1.2246467991473532e-16,-1.0,1.0,2022-06-01
2022,15.5,6,25.0,10.7,19.475,1.2246467991473532e-16,-1.0,0.0,2022-06-01
2022,23.3,7,15.5,16.2,18.825000000000003,-0.4999999999999997,-0.8660254037844388,1.0,2022-07-01
2022,13.8,7,23.3,10.4,19.400000000000002,-0.4999999999999997,-0.8660254037844388,0.0,2022-07-01
2022,25.1,8,13.8,20.3,19.425000000000004,-0.8660254037844385,-0.5000000000000004,1.0,2022-08-01
2022,16.5,8,25.1,12.2,19.675000000000004,-0.8660254037844385,-0.5000000000000004,0.0,2022-08-01
2022,21.6,9,16.5,22.5,19.250000000000004,-1.0,-1.8369701987210297e-16,1.0,2022-09-01
2022,14.0,9,21.6,12.6,19.300000000000004,-1.0,-1.8369701987210297e-16,0.0,2022-09-01
2022,23.3,10,14.0,20.7,18.85,-0.8660254037844386,0.5000000000000001,1.0,2022-10-01
2022,11.0,10,23.3,10.6,17.475,-0.8660254037844386,0.5000000000000001,0.0,2022-10-01
2022,23.2,11,11.0,25.9,17.875,-0.5000000000000004,0.8660254037844384,1.0,2022-11-01
2022,12.8,11,23.2,11.5,17.575000000000003,-0.5000000000000004,0.8660254037844384,0.0,2022-11-01
2022,19.6,12,12.8,25.0,16.650000000000002,-2.4492935982947064e-16,1.0,1.0,2022-12-01
2022,11.3,12,19.6,15.5,16.725,-2.4492935982947064e-16,1.0,0.0,2022-12-01
2023,19.8,1,11.3,23.3,15.875000000000004,0.49999999999999994,0.8660254037844387,1.0,2023-01-01
2023,11.8,1,19.8,13.8,15.625000000000004,0.49999999999999994,0.8660254037844387,0.0,2023-01-01
2023,20.5,2,11.8,25.1,15.850000000000001,0.8660254037844386,0.5000000000000001,1.0,2023-02-01
2023,11.2,2,20.5,16.5,15.825000000000003,0.8660254037844386,0.5000000000000001,0.0,2023-02-01
2023,24.8,3,11.2,21.6,17.075000000000003,1.0,6.123233995736766e-17,1.0,2023-03-01
2023,14.8,3,24.8,14.0,17.825000000000003,1.0,6.123233995736766e-17,0.0,2023-03-01
2023,22.3,4,14.8,23.3,18.275000000000002,0.8660254037844387,-0.4999999999999998,1.0,2023-04-01
2023,12.9,4,22.3,11.0,18.700000000000003,0.8660254037844387,-0.4999999999999998,0.0,2023-04-01
2023,27.2,5,12.9,23.2,19.300000000000004,0.49999999999999994,-0.8660254037844387,1.0,2023-05-01
2023,13.7,5,27.2,12.8,19.025000000000002,0.49999999999999994,-0.8660254037844387,0.0,2023-05-01
2023,23.0,6,13.7,19.6,19.200000000000003,1.2246467991473532e-16,-1.0,1.0,2023-06-01
2023,13.9,6,23.0,11.3,19.450000000000003,1.2246467991473532e-16,-1.0,0.0,2023-06-01
2023,21.4,7,13.9,19.8,18.0,-0.4999999999999997,-0.8660254037844388,1.0,2023-07-01
2023,11.3,7,21.4,11.8,17.400000000000002,-0.4999999999999997,-0.8660254037844388,0.0,2023-07-01
2023,24.1,8,11.3,20.5,17.675,-0.8660254037844385,-0.5000000000000004,1.0,2023-08-01
2023,9.5,8,24.1,11.2,16.575000000000003,-0.8660254037844385,-0.5000000000000004,0.0,2023-08-01
2023,19.8,9,9.5,24.8,16.175000000000004,-1.0,-1.8369701987210297e-16,1.0,2023-09-01
2023,9.6,9,19.8,14.8,15.750000000000004,-1.0,-1.8369701987210297e-16,0.0,2023-09-01
2023,24.0,10,9.6,22.3,15.725000000000001,-0.8660254037844386,0.5000000000000001,1.0,2023-10-01
2023,10.2,10,24.0,12.9,15.900000000000002,-0.8660254037844386,0.5000000000000001,0.0,2023-10-01
2023,22.2,11,10.2,27.2,16.5,-0.5000000000000004,0.8660254037844384,1.0,2023-11-01
2023,8.3,11,22.2,13.7,16.175,-0.5000000000000004,0.8660254037844384,0.0,2023-11-01
2023,15.4,12,8.3,23.0,14.025000000000002,-2.4492935982947064e-16,1.0,1.0,2023-12-01
2023,9.5,12,15.4,13.9,13.850000000000001,-2.4492935982947064e-16,1.0,0.0,2023-12-01
2024,18.7,1,9.5,21.4,12.975000000000001,0.49999999999999994,0.8660254037844387,1.0,2024-01-01
2024,10.0,1,18.7,11.3,13.400000000000002,0.49999999999999994,0.8660254037844387,0.0,2024-01-01
2024,21.0,2,10.0,24.1,14.8,0.8660254037844386,0.5000000000000001,1.0,2024-02-01
2024,10.2,2,21.0,9.5,14.975000000000001,0.8660254037844386,0.5000000000000001,0.0,2024-02-01
2024,19.5,3,10.2,19.8,15.175,1.0,6.123233995736766e-17,1.0,2024-03-01
2024,10.9,3,19.5,9.6,15.400000000000002,1.0,6.123233995736766e-17,0.0,2024-03-01
2024,24.8,4,10.9,24.0,16.35,0.8660254037844387,-0.4999999999999998,1.0,2024-04-01
2024,13.0,4,24.8,10.2,17.05,0.8660254037844387,-0.4999999999999998,0.0,2024-04-01
2024,25.4,5,13.0,22.2,18.525,0.49999999999999994,-0.8660254037844387,1.0,2024-05-01
2024,11.1,5,25.4,8.3,18.575,0.49999999999999994,-0.8660254037844387,0.0,2024-05-01
2024,20.5,6,11.1,15.4,17.5,1.2246467991473532e-16,-1.0,1.0,2024-06-01
2024,11.3,6,20.5,9.5,17.075000000000003,1.2246467991473532e-16,-1.0,0.0,2024-06-01
2024,24.8,7,11.3,18.7,16.925000000000004,-0.4999999999999997,-0.8660254037844388,1.0,2024-07-01
2024,12.5,7,24.8,10.0,17.275000000000002,-0.4999999999999997,-0.8660254037844388,0.0,2024-07-01
2024,23.5,8,12.5,21.0,18.025000000000002,-0.8660254037844385,-0.5000000000000004,1.0,2024-08-01
2024,10.7,8,23.5,10.2,17.875000000000004,-0.8660254037844385,-0.5000000000000004,0.0,2024-08-01
2024,22.3,9,10.7,19.5,17.25,-1.0,-1.8369701987210297e-16,1.0,2024-09-01
2024,8.5,9,22.3,10.9,16.25,-1.0,-1.8369701987210297e-16,0.0,2024-09-01
2024,27.0,10,8.5,24.8,17.125,-0.8660254037844386,0.5000000000000001,1.0,2024-10-01
2024,12.0,10,27.0,13.0,17.450000000000003,-0.8660254037844386,0.5000000000000001,0.0,2024-10-01
2024,24.1,11,12.0,25.4,17.900000000000002,-0.5000000000000004,0.8660254037844384,1.0,2024-11-01
2024,8.8,11,24.1,11.1,17.975,-0.5000000000000004,0.8660254037844384,0.0,2024-11-01
2024,21.0,12,8.8,20.5,16.475,-2.4492935982947064e-16,1.0,1.0,2024-12-01
2024,10.6,12,21.0,11.3,16.125000000000004,-2.4492935982947064e-16,1.0,0.0,2024-12-01
2025,27.3,1,10.6,24.8,16.925000000000004,0.49999999999999994,0.8660254037844387,1.0,2025-01-01
2025,9.9,1,27.3,12.5,17.200000000000003,0.49999999999999994,0.8660254037844387,0.0,2025-01-01
2025,26.8,2,9.9,23.5,18.650000000000006,0.8660254037844386,0.5000000000000001,1.0,2025-02-01
2025,11.7,2,26.8,10.7,18.925,0.8660254037844386,0.5000000000000001,0.0,2025-02-01
2025,21.3,3,11.7,22.3,17.425000000000004,1.0,6.123233995736766e-17,1.0,2025-03-01
2025,10.3,3,21.3,8.5,17.525000000000002,1.0,6.123233995736766e-17,0.0,2025-03-01
