Total_Categoria_Mes,Categoria_TEQUILA 100% DE AGAVE,Decada_2000s,Decada_2010s,Decada_2020s,Mes_Aug,Mes_Dec,Mes_Feb,Mes_Jan,Mes_Jul,Mes_Jun,Mes_Mar,Mes_May,Mes_Nov,Mes_Oct,Mes_Sep,Fecha,Moving_Average,Previous_Data
0.008219285359994374,1.0,0.0,0.0,0.0,0.0,0.0,0.0,1.0,0.0,0.0,0.0,0.0,0.0,0.0,0.0,1997-01-01,0.07783927945806829,0.225721491061701
0.21406806331106845,0.0,0.0,0.0,0.0,0.0,0.0,1.0,0.0,0.0,0.0,0.0,0.0,0.0,0.0,0.0,1997-02-01,0.13320094147745334,0.008219285359994374
0.006380039700052676,1.0,0.0,0.0,0.0,0.0,0.0,1.0,0.0,0.0,0.0,0.0,0.0,0.0,0.0,0.0,1997-02-01,0.0720694953901968,0.21406806331106845
0.20357198648294847,0.0,0.0,0.0,0.0,0.0,0.0,0.0,0.0,0.0,0.0,1.0,0.0,0.0,0.0,0.0,1997-03-01,0.06259784698213725,0.006380039700052676
0.0,1.0,0.0,0.0,0.0,0.0,0.0,0.0,0.0,0.0,0.0,1.0,0.0,0.0,0.0,0.0,1997-03-01,0.05908308750665636,0.20357198648294847
0.22243504752145402,0.0,0.0,0.0,0.0,0.0,0.0,0.0,0.0,0.0,0.0,0.0,0.0,0.0,0.0,0.0,1997-04-01,0.0626610064797326,0.0
0.0033210953345268477,1.0,0.0,0.0,0.0,0.0,0.0,0.0,0.0,0.0,0.0,0.0,0.0,0.0,0.0,0.0,1997-04-01,0.06135293002018649,0.22243504752145402
0.21521323205112444,0.0,0.0,0.0,0.0,0.0,0.0,0.0,0.0,0.0,0.0,0.0,1.0,0.0,0.0,0.0,1997-05-01,0.06633100005609222,0.0033210953345268477
0.007039438515097498,1.0,0.0,0.0,0.0,0.0,0.0,0.0,0.0,0.0,0.0,0.0,1.0,0.0,0.0,0.0,1997-05-01,0.06934122930831285,0.21521323205112444
0.20663950769867845,0.0,0.0,0.0,0.0,0.0,0.0,0.0,0.0,0.0,1.0,0.0,0.0,0.0,0.0,0.0,1997-06-01,0.06258668547258525,0.007039438515097498
0.006959232536893579,1.0,0.0,0.0,0.0,0.0,0.0,0.0,0.0,0.0,1.0,0.0,0.0,0.0,0.0,0.0,1997-06-01,0.06414243839331443,0.20663950769867845
0.2496730574091364,0.0,0.0,0.0,0.0,0.0,0.0,0.0,0.0,1.0,0.0,0.0,0.0,0.0,0.0,0.0,1997-07-01,0.07887826911285672,0.006959232536893579
0.00578692818372655,1.0,0.0,0.0,0.0,0.0,0.0,0.0,0.0,1.0,0.0,0.0,0.0,0.0,0.0,0.0,1997-07-01,0.0783426662760516,0.2496730574091364
0.2879490953443646,0.0,0.0,0.0,0.0,1.0,0.0,0.0,0.0,0.0,0.0,0.0,0.0,0.0,0.0,0.0,1997-08-01,0.11311255576256471,0.00578692818372655
0.008772198658695373,1.0,0.0,0.0,0.0,1.0,0.0,0.0,0.0,0.0,0.0,0.0,0.0,0.0,0.0,0.0,1997-08-01,0.11388782265940997,0.2879490953443646
0.2452781950921826,0.0,0.0,0.0,0.0,0.0,0.0,0.0,0.0,0.0,0.0,0.0,0.0,0.0,0.0,1.0,1997-09-01,0.11200847630563429,0.008772198658695373
0.007315652282627053,1.0,0.0,0.0,0.0,0.0,0.0,0.0,0.0,0.0,0.0,0.0,0.0,0.0,0.0,1.0,1997-09-01,0.11266219463717672,0.2452781950921826
0.17312824521700182,0.0,0.0,0.0,0.0,0.0,0.0,0.0,0.0,0.0,0.0,0.0,0.0,0.0,1.0,0.0,1997-10-01,0.06356210219699943,0.007315652282627053
0.012854408259163765,1.0,0.0,0.0,0.0,0.0,0.0,0.0,0.0,0.0,0.0,0.0,0.0,0.0,1.0,0.0,1997-10-01,0.06530775090558197,0.17312824521700182
0.17677139438489925,0.0,0.0,0.0,0.0,0.0,0.0,0.0,0.0,0.0,0.0,0.0,0.0,1.0,0.0,0.0,1997-11-01,0.03601263382730477,0.012854408259163765
0.0071583540044056,1.0,0.0,0.0,0.0,0.0,0.0,0.0,0.0,0.0,0.0,0.0,0.0,1.0,0.0,0.0,1997-11-01,0.03594536938889667,0.17677139438489925
0.1260309614176549,0.0,0.0,0.0,0.0,0.0,1.0,0.0,0.0,0.0,0.0,0.0,0.0,0.0,0.0,0.0,1997-12-01,0.01580546460972007,0.0071583540044056
0.003958956010148181,1.0,0.0,0.0,0.0,0.0,1.0,0.0,0.0,0.0,0.0,0.0,0.0,0.0,0.0,0.0,1997-12-01,0.012001560290605784,0.1260309614176549
0.14870567623780775,0.0,0.0,0.0,0.0,0.0,0.0,0.0,1.0,0.0,0.0,0.0,0.0,0.0,0.0,0.0,1998-01-01,0.0,0.003958956010148181
0.01089244817905571,1.0,0.0,0.0,0.0,0.0,0.0,0.0,1.0,0.0,0.0,0.0,0.0,0.0,0.0,0.0,1998-01-01,0.0015967863759263068,0.14870567623780775
0.20043743577506146,0.0,0.0,0.0,0.0,0.0,0.0,1.0,0.0,0.0,0.0,0.0,0.0,0.0,0.0,0.0,1998-02-01,0.033414742479229126,0.01089244817905571
0.008533667504999549,1.0,0.0,0.0,0.0,0.0,0.0,1.0,0.0,0.0,0.0,0.0,0.0,0.0,0.0,0.0,1998-02-01,0.035370996565792595,0.20043743577506146
0.1894165508251606,0.0,0.0,0.0,0.0,0.0,0.0,0.0,0.0,0.0,0.0,1.0,0.0,0.0,0.0,0.0,1998-03-01,0.05277992276118515,0.008533667504999549
0.017250543300421067,1.0,0.0,0.0,0.0,0.0,0.0,0.0,0.0,0.0,0.0,1.0,0.0,0.0,0.0,0.0,1998-03-01,0.055498793574771665,0.1894165508251606
0.19836503495516486,0.0,0.0,0.0,0.0,0.0,0.0,0.0,0.0,0.0,0.0,0.0,0.0,0.0,0.0,0.0,1998-04-01,0.05461258630738816,0.017250543300421067
0.009748237614655538,1.0,0.0,0.0,0.0,0.0,0.0,0.0,0.0,0.0,0.0,0.0,0.0,0.0,0.0,0.0,1998-04-01,0.0551319650142435,0.19836503495516486
0.22627954709334802,0.0,0.0,0.0,0.0,0.0,0.0,0.0,0.0,0.0,0.0,0.0,1.0,0.0,0.0,0.0,1998-05-01,0.07089544806093956,0.009748237614655538
0.009465291485059212,1.0,0.0,0.0,0.0,0.0,0.0,0.0,0.0,0.0,0.0,0.0,1.0,0.0,0.0,0.0,1998-05-01,0.06756629152377483,0.22627954709334802
0.30191585050772907,0.0,0.0,0.0,0.0,0.0,0.0,0.0,0.0,0.0,1.0,0.0,0.0,0.0,0.0,0.0,1998-06-01,0.11184705246786228,0.009465291485059212
0.010631547943441455,1.0,0.0,0.0,0.0,0.0,0.0,0.0,0.0,0.0,1.0,0.0,0.0,0.0,0.0,0.0,1998-06-01,0.11222477671174871,0.30191585050772907
0.2151193610743671,0.0,0.0,0.0,0.0,0.0,0.0,0.0,0.0,1.0,0.0,0.0,0.0,0.0,0.0,0.0,1998-07-01,0.10745241903826241,0.010631547943441455
0.011141328807918929,1.0,0.0,0.0,0.0,0.0,0.0,0.0,0.0,1.0,0.0,0.0,0.0,0.0,0.0,0.0,1998-07-01,0.10816913196448025,0.2151193610743671
0.2151376480923749,0.0,0.0,0.0,0.0,1.0,0.0,0.0,0.0,0.0,0.0,0.0,0.0,0.0,0.0,0.0,1998-08-01,0.07106073435498622,0.011141328807918929
0.014939912131153359,1.0,0.0,0.0,0.0,1.0,0.0,0.0,0.0,0.0,0.0,0.0,0.0,0.0,0.0,0.0,1998-08-01,0.07290309207701973,0.2151376480923749
0.21490433074940937,0.0,0.0,0.0,0.0,0.0,0.0,0.0,0.0,0.0,0.0,0.0,0.0,0.0,0.0,1.0,1998-09-01,0.07281114005941008,0.014939912131153359
0.013703084072247212,1.0,0.0,0.0,0.0,0.0,0.0,0.0,0.0,0.0,0.0,0.0,0.0,0.0,0.0,1.0,1998-09-01,0.07390660678124769,0.21490433074940937
0.20656717878829406,0.0,0.0,0.0,0.0,0.0,0.0,0.0,0.0,0.0,0.0,0.0,0.0,0.0,1.0,0.0,1998-10-01,0.07024167280262542,0.013703084072247212
0.012389322362079656,1.0,0.0,0.0,0.0,0.0,0.0,0.0,0.0,0.0,0.0,0.0,0.0,0.0,1.0,0.0,1998-10-01,0.06915098070881512,0.20656717878829406
0.2153821474237825,0.0,0.0,0.0,0.0,0.0,0.0,0.0,0.0,0.0,0.0,0.0,0.0,1.0,0.0,0.0,1998-11-01,0.06935530634179168,0.012389322362079656
0.015736409782049668,1.0,0.0,0.0,0.0,0.0,0.0,0.0,0.0,0.0,0.0,0.0,0.0,1.0,0.0,0.0,1998-11-01,0.07022480417429813,0.2153821474237825
0.17067310859260235,0.0,0.0,0.0,0.0,0.0,1.0,0.0,0.0,0.0,0.0,0.0,0.0,0.0,0.0,0.0,1998-12-01,0.05487565667445152,0.015736409782049668
0.00847455474285108,1.0,0.0,0.0,0.0,0.0,1.0,0.0,0.0,0.0,0.0,0.0,0.0,0.0,0.0,0.0,1998-12-01,0.0532016100899442,0.17067310859260235
0.23148837256138957,0.0,0.0,0.0,0.0,0.0,0.0,0.0,1.0,0.0,0.0,0.0,0.0,0.0,0.0,0.0,1999-01-01,0.06008901026370719,0.00847455474285108
0.008181223402847737,1.0,0.0,0.0,0.0,0.0,0.0,0.0,1.0,0.0,0.0,0.0,0.0,0.0,0.0,0.0,1999-01-01,0.056858235110848615,0.23148837256138957
0.13332545686764607,0.0,0.0,0.0,0.0,0.0,0.0,1.0,0.0,0.0,0.0,0.0,0.0,0.0,0.0,0.0,1999-02-01,0.04088750200719349,0.008181223402847737
0.012299977194516193,1.0,0.0,0.0,0.0,0.0,0.0,1.0,0.0,0.0,0.0,0.0,0.0,0.0,0.0,0.0,1999-02-01,0.042523342499500766,0.13332545686764607
0.21078298438574108,0.0,0.0,0.0,0.0,0.0,0.0,0.0,0.0,0.0,0.0,1.0,0.0,0.0,0.0,0.0,1999-03-01,0.03366923218498549,0.012299977194516193
0.014623012811577022,1.0,0.0,0.0,0.0,0.0,0.0,0.0,0.0,0.0,0.0,1.0,0.0,0.0,0.0,0.0,1999-03-01,0.03642389264167015,0.21078298438574108
0.19603585562575365,0.0,0.0,0.0,0.0,0.0,0.0,0.0,0.0,0.0,0.0,0.0,0.0,0.0,0.0,0.0,1999-04-01,0.06324033209990484,0.014623012811577022
0.018444233820069458,1.0,0.0,0.0,0.0,0.0,0.0,0.0,0.0,0.0,0.0,0.0,0.0,0.0,0.0,0.0,1999-04-01,0.06586776055001822,0.19603585562575365
0.27881309074079236,0.0,0.0,0.0,0.0,0.0,0.0,0.0,0.0,0.0,0.0,0.0,1.0,0.0,0.0,0.0,1999-05-01,0.09495903192662766,0.018444233820069458
0.015100007968133777,1.0,0.0,0.0,0.0,0.0,0.0,0.0,0.0,0.0,0.0,0.0,1.0,0.0,0.0,0.0,1999-05-01,0.09516300625929,0.27881309074079236
0.28765679600666594,0.0,0.0,0.0,0.0,0.0,0.0,0.0,0.0,0.0,1.0,0.0,0.0,0.0,0.0,0.0,1999-06-01,0.13434227236965915,0.015100007968133777
0.01862195655486201,1.0,0.0,0.0,0.0,0.0,0.0,0.0,0.0,0.0,1.0,0.0,0.0,0.0,0.0,0.0,1999-06-01,0.1344182707854291,0.28765679600666594
0.2664971724878453,0.0,0.0,0.0,0.0,0.0,0.0,0.0,0.0,1.0,0.0,0.0,0.0,0.0,0.0,0.0,1999-07-01,0.12915169486272346,0.01862195655486201
0.01801744274823194,1.0,0.0,0.0,0.0,0.0,0.0,0.0,0.0,1.0,0.0,0.0,0.0,0.0,0.0,0.0,1999-07-01,0.1303992584997468,0.2664971724878453
0.2642027560853823,0.0,0.0,0.0,0.0,1.0,0.0,0.0,0.0,0.0,0.0,0.0,0.0,0.0,0.0,0.0,1999-08-01,0.12036976013814044,0.01801744274823194
0.016332267414097504,1.0,0.0,0.0,0.0,1.0,0.0,0.0,0.0,0.0,0.0,0.0,0.0,0.0,0.0,0.0,1999-08-01,0.11939063528106,0.2642027560853823
0.2879955806079935,0.0,0.0,0.0,0.0,0.0,0.0,0.0,0.0,0.0,0.0,0.0,0.0,0.0,0.0,1.0,1999-09-01,0.12858385955038962,0.016332267414097504
0.023705749524501107,1.0,0.0,0.0,0.0,0.0,0.0,0.0,0.0,0.0,0.0,0.0,0.0,0.0,0.0,1.0,1999-09-01,0.1310163131355451,0.2879955806079935
0.2200541259212401,0.0,0.0,0.0,0.0,0.0,0.0,0.0,0.0,0.0,0.0,0.0,0.0,0.0,1.0,0.0,1999-10-01,0.1121373219091076,0.023705749524501107
0.025314519774764586,1.0,0.0,0.0,0.0,0.0,0.0,0.0,0.0,0.0,0.0,0.0,0.0,0.0,1.0,0.0,1999-10-01,0.11597834399473533,0.2200541259212401
0.19456150642453968,0.0,0.0,0.0,0.0,0.0,0.0,0.0,0.0,0.0,0.0,0.0,0.0,1.0,0.0,0.0,1999-11-01,0.07602373928329803,0.025314519774764586
0.01983921976642268,1.0,0.0,0.0,0.0,0.0,0.0,0.0,0.0,0.0,0.0,0.0,0.0,1.0,0.0,0.0,1999-11-01,0.07437032034123514,0.19456150642453968
0.2038426530417429,0.0,0.0,0.0,0.0,0.0,1.0,0.0,0.0,0.0,0.0,0.0,0.0,0.0,0.0,0.0,1999-12-01,0.06743791376096847,0.01983921976642268
0.02395307586678825,1.0,0.0,0.0,0.0,0.0,1.0,0.0,0.0,0.0,0.0,0.0,0.0,0.0,0.0,0.0,1999-12-01,0.06685572836816217,0.2038426530417429
0.24680957263079875,0.0,1.0,0.0,0.0,0.0,0.0,0.0,1.0,0.0,0.0,0.0,0.0,0.0,0.0,0.0,2000-01-01,0.0891982286867212,0.02395307586678825
0.014019762697266763,1.0,1.0,0.0,0.0,0.0,0.0,0.0,1.0,0.0,0.0,0.0,0.0,0.0,0.0,0.0,2000-01-01,0.08670969215585378,0.24680957263079875
0.2414481498356732,0.0,1.0,0.0,0.0,0.0,0.0,1.0,0.0,0.0,0.0,0.0,0.0,0.0,0.0,0.0,2000-02-01,0.10279068586729767,0.014019762697266763
0.013401648294053596,1.0,1.0,0.0,0.0,0.0,0.0,1.0,0.0,0.0,0.0,0.0,0.0,0.0,0.0,0.0,2000-02-01,0.09827864760401675,0.2414481498356732
0.24736321987634427,0.0,1.0,0.0,0.0,0.0,0.0,0.0,0.0,0.0,0.0,1.0,0.0,0.0,0.0,0.0,2000-03-01,0.09851540017034405,0.013401648294053596
0.023690265955676398,1.0,1.0,0.0,0.0,0.0,0.0,0.0,0.0,0.0,0.0,1.0,0.0,0.0,0.0,0.0,2000-03-01,0.10265073450556503,0.24736321987634427
0.22437237227713971,0.0,1.0,0.0,0.0,0.0,0.0,0.0,0.0,0.0,0.0,0.0,0.0,0.0,0.0,0.0,2000-04-01,0.0953487309436519,0.023690265955676398
0.023712335411354923,1.0,1.0,0.0,0.0,0.0,0.0,0.0,0.0,0.0,0.0,0.0,0.0,0.0,0.0,0.0,2000-04-01,0.09975782293364924,0.22437237227713971
0.26818716108387036,0.0,1.0,0.0,0.0,0.0,0.0,0.0,0.0,0.0,0.0,0.0,1.0,0.0,0.0,0.0,2000-05-01,0.10866262930918302,0.023712335411354923
0.024854413249531075,1.0,1.0,0.0,0.0,0.0,0.0,0.0,0.0,0.0,0.0,0.0,1.0,0.0,0.0,0.0,2000-05-01,0.10916044603566472,0.26818716108387036
0.2378060417020641,0.0,1.0,0.0,0.0,0.0,0.0,0.0,0.0,0.0,1.0,0.0,0.0,0.0,0.0,0.0,2000-06-01,0.11490499861337974,0.024854413249531075
0.018168889479139055,1.0,1.0,0.0,0.0,0.0,0.0,0.0,0.0,0.0,1.0,0.0,0.0,0.0,0.0,0.0,2000-06-01,0.11253449092765011,0.2378060417020641
0.1831958525951069,0.0,1.0,0.0,0.0,0.0,0.0,0.0,0.0,1.0,0.0,0.0,0.0,0.0,0.0,0.0,2000-07-01,0.07619021113194224,0.018168889479139055
0.017256452181196775,1.0,1.0,0.0,0.0,0.0,0.0,0.0,0.0,1.0,0.0,0.0,0.0,0.0,0.0,0.0,2000-07-01,0.0729411445173137,0.1831958525951069
0.31248640978528935,0.0,1.0,0.0,0.0,1.0,0.0,0.0,0.0,0.0,0.0,0.0,0.0,0.0,0.0,0.0,2000-08-01,0.10487622401102487,0.017256452181196775
0.018839510337509947,1.0,1.0,0.0,0.0,1.0,0.0,0.0,0.0,0.0,0.0,0.0,0.0,0.0,0.0,0.0,2000-08-01,0.10516299724168635,0.31248640978528935
0.2128971247509059,0.0,1.0,0.0,0.0,0.0,0.0,0.0,0.0,0.0,0.0,0.0,0.0,0.0,0.0,1.0,2000-09-01,0.11786395884250153,0.018839510337509947
0.02907789603307271,1.0,1.0,0.0,0.0,0.0,0.0,0.0,0.0,0.0,0.0,0.0,0.0,0.0,0.0,1.0,2000-09-01,0.12291908589703596,0.2128971247509059
0.27302104338581623,0.0,1.0,0.0,0.0,0.0,0.0,0.0,0.0,0.0,0.0,0.0,0.0,0.0,1.0,0.0,2000-10-01,0.10604276825742454,0.02907789603307271
0.020998609168373424,1.0,1.0,0.0,0.0,0.0,0.0,0.0,0.0,0.0,0.0,0.0,0.0,0.0,1.0,0.0,2000-10-01,0.10696604963067063,0.27302104338581623
0.2905155488109658,0.0,1.0,0.0,0.0,0.0,0.0,0.0,0.0,0.0,0.0,0.0,0.0,1.0,0.0,0.0,2000-11-01,0.14015751086948278,0.020998609168373424
0.022235306067169308,1.0,1.0,0.0,0.0,0.0,0.0,0.0,0.0,0.0,0.0,0.0,0.0,1.0,0.0,0.0,2000-11-01,0.13723145868049955,0.2905155488109658
0.18297811346044685,0.0,1.0,0.0,0.0,0.0,1.0,0.0,0.0,0.0,0.0,0.0,0.0,0.0,0.0,0.0,2000-12-01,0.09872698690541681,0.022235306067169308
0.02279534481557292,1.0,1.0,0.0,0.0,0.0,1.0,0.0,0.0,0.0,0.0,0.0,0.0,0.0,0.0,0.0,2000-12-01,0.09949531327009883,0.18297811346044685
0.12744706885409932,0.0,1.0,0.0,0.0,0.0,0.0,0.0,1.0,0.0,0.0,0.0,0.0,0.0,0.0,0.0,2001-01-01,0.029763401068786194,0.02279534481557292
0.011169463436959638,1.0,1.0,0.0,0.0,0.0,0.0,0.0,1.0,0.0,0.0,0.0,0.0,0.0,0.0,0.0,2001-01-01,0.025031386844287212,0.12744706885409932
0.14393050968342508,0.0,1.0,0.0,0.0,0.0,0.0,1.0,0.0,0.0,0.0,0.0,0.0,0.0,0.0,0.0,2001-02-01,0.008333714314493867,0.011169463436959638
0.022162571895605877,1.0,1.0,0.0,0.0,0.0,0.0,1.0,0.0,0.0,0.0,0.0,0.0,0.0,0.0,0.0,2001-02-01,0.008063125751270717,0.14393050968342508
0.22279846194947478,0.0,1.0,0.0,0.0,0.0,0.0,0.0,0.0,0.0,0.0,1.0,0.0,0.0,0.0,0.0,2001-03-01,0.04883762106365924,0.022162571895605877
0.01839868866812905,1.0,1.0,0.0,0.0,0.0,0.0,0.0,0.0,0.0,0.0,1.0,0.0,0.0,0.0,0.0,2001-03-01,0.05192900757340507,0.22279846194947478
0.24357464870332302,0.0,1.0,0.0,0.0,0.0,0.0,0.0,0.0,0.0,0.0,0.0,0.0,0.0,0.0,0.0,2001-04-01,0.09453918187164373,0.01839868866812905
0.011548815781851733,1.0,1.0,0.0,0.0,0.0,0.0,0.0,0.0,0.0,0.0,0.0,0.0,0.0,0.0,0.0,2001-04-01,0.09000049046024267,0.24357464870332302
0.1428123681726765,0.0,1.0,0.0,0.0,0.0,0.0,0.0,0.0,0.0,0.0,0.0,1.0,0.0,0.0,0.0,2001-05-01,0.055796558038446686,0.011548815781851733
0.02515895053236791,1.0,1.0,0.0,0.0,0.0,0.0,0.0,0.0,0.0,0.0,0.0,1.0,0.0,0.0,0.0,2001-05-01,0.058687404797425985,0.1428123681726765
0.13590784864381356,0.0,1.0,0.0,0.0,0.0,0.0,0.0,0.0,0.0,1.0,0.0,0.0,0.0,0.0,0.0,2001-06-01,0.012646552201437455,0.02515895053236791
0.01998017840084827,1.0,1.0,0.0,0.0,0.0,0.0,0.0,0.0,0.0,1.0,0.0,0.0,0.0,0.0,0.0,2001-06-01,0.016252000894163426,0.13590784864381356
0.21318253818281588,0.0,1.0,0.0,0.0,0.0,0.0,0.0,0.0,1.0,0.0,0.0,0.0,0.0,0.0,0.0,2001-07-01,0.046343938453380584,0.01998017840084827
0.017364645135143627,1.0,1.0,0.0,0.0,0.0,0.0,0.0,0.0,1.0,0.0,0.0,0.0,0.0,0.0,0.0,2001-07-01,0.04301091039195984,0.21318253818281588
0.12826363949959463,0.0,1.0,0.0,0.0,1.0,0.0,0.0,0.0,0.0,0.0,0.0,0.0,0.0,0.0,0.0,2001-08-01,0.039742067013802784,0.017364645135143627
0.01728576371697536,1.0,1.0,0.0,0.0,1.0,0.0,0.0,0.0,0.0,0.0,0.0,0.0,0.0,0.0,0.0,2001-08-01,0.038589872008247705,0.12826363949959463
0.15603951265236807,0.0,1.0,0.0,0.0,0.0,0.0,0.0,0.0,0.0,0.0,0.0,0.0,0.0,0.0,1.0,2001-09-01,0.01415417210928166,0.01728576371697536
0.014578264437671695,1.0,1.0,0.0,0.0,0.0,0.0,0.0,0.0,0.0,0.0,0.0,0.0,0.0,0.0,1.0,2001-09-01,0.01296265027620308,0.15603951265236807
0.19581780233514087,0.0,1.0,0.0,0.0,0.0,0.0,0.0,0.0,0.0,0.0,0.0,0.0,0.0,1.0,0.0,2001-10-01,0.041850397024854435,0.014578264437671695
0.02148120729634693,1.0,1.0,0.0,0.0,0.0,0.0,0.0,0.0,0.0,0.0,0.0,0.0,0.0,1.0,0.0,2001-10-01,0.043644467242469065,0.19581780233514087
0.16403714056758212,0.0,1.0,0.0,0.0,0.0,0.0,0.0,0.0,0.0,0.0,0.0,0.0,1.0,0.0,0.0,2001-11-01,0.04706444078824559,0.02148120729634693
0.02631871535068215,1.0,1.0,0.0,0.0,0.0,0.0,0.0,0.0,0.0,0.0,0.0,0.0,1.0,0.0,0.0,2001-11-01,0.05208493335974937,0.16403714056758212
0.13486856577492665,0.0,1.0,0.0,0.0,0.0,1.0,0.0,0.0,0.0,0.0,0.0,0.0,0.0,0.0,0.0,2001-12-01,0.026021608223720044,0.02631871535068215
0.011730347657571005,1.0,1.0,0.0,0.0,0.0,1.0,0.0,0.0,0.0,0.0,0.0,0.0,0.0,0.0,0.0,2001-12-01,0.021851911612834257,0.13486856577492665
0.19475895658238324,0.0,1.0,0.0,0.0,0.0,0.0,0.0,1.0,0.0,0.0,0.0,0.0,0.0,0.0,0.0,2002-01-01,0.03498928173841373,0.011730347657571005
0.01604110296477804,1.0,1.0,0.0,0.0,0.0,0.0,0.0,1.0,0.0,0.0,0.0,0.0,0.0,0.0,0.0,2002-01-01,0.030594333280425046,0.19475895658238324
0.1516653037331359,0.0,1.0,0.0,0.0,0.0,0.0,1.0,0.0,0.0,0.0,0.0,0.0,0.0,0.0,0.0,2002-02-01,0.03777701295512437,0.01604110296477804
0.02094453271884198,1.0,1.0,0.0,0.0,0.0,0.0,1.0,0.0,0.0,0.0,0.0,0.0,0.0,0.0,0.0,2002-02-01,0.04171721491119307,0.1516653037331359
0.17892943333211725,0.0,1.0,0.0,0.0,0.0,0.0,0.0,0.0,0.0,0.0,1.0,0.0,0.0,0.0,0.0,2002-03-01,0.03494813896366378,0.02094453271884198
0.017803315228943344,1.0,1.0,0.0,0.0,0.0,0.0,0.0,0.0,0.0,0.0,1.0,0.0,0.0,0.0,0.0,2002-03-01,0.035701702318871126,0.17892943333211725
0.19182731174315373,0.0,1.0,0.0,0.0,0.0,0.0,0.0,0.0,0.0,0.0,0.0,0.0,0.0,0.0,0.0,2002-04-01,0.052875920273952076,0.017803315228943344
0.019017399967652383,1.0,1.0,0.0,0.0,0.0,0.0,0.0,0.0,0.0,0.0,0.0,0.0,0.0,0.0,0.0,2002-04-01,0.05205183304482125,0.19182731174315373
0.28387085078471447,0.0,1.0,0.0,0.0,0.0,0.0,0.0,0.0,0.0,0.0,0.0,1.0,0.0,0.0,0.0,2002-05-01,0.09692724802398489,0.019017399967652383
0.01176975852183963,1.0,1.0,0.0,0.0,0.0,0.0,0.0,0.0,0.0,0.0,0.0,1.0,0.0,0.0,0.0,2002-05-01,0.09434715745913333,0.28387085078471447
0.18970841819842432,0.0,1.0,0.0,0.0,0.0,0.0,0.0,0.0,0.0,1.0,0.0,0.0,0.0,0.0,0.0,2002-06-01,0.0934410688105847,0.01176975852183963
0.0120077332268042,1.0,1.0,0.0,0.0,0.0,0.0,0.0,0.0,0.0,1.0,0.0,0.0,0.0,0.0,0.0,2002-06-01,0.09044357066831599,0.18970841819842432
0.2823545939647976,0.0,1.0,0.0,0.0,0.0,0.0,0.0,0.0,1.0,0.0,0.0,0.0,0.0,0.0,0.0,2002-07-01,0.0897951836380999,0.0120077332268042
0.02830680260329304,1.0,1.0,0.0,0.0,0.0,0.0,0.0,0.0,1.0,0.0,0.0,0.0,0.0,0.0,0.0,2002-07-01,0.09686681211137796,0.2823545939647976
0.21363133784261606,0.0,1.0,0.0,0.0,1.0,0.0,0.0,0.0,0.0,0.0,0.0,0.0,0.0,0.0,0.0,2002-08-01,0.10709681445560221,0.02830680260329304
0.027535911804102874,1.0,1.0,0.0,0.0,1.0,0.0,0.0,0.0,0.0,0.0,0.0,0.0,0.0,0.0,0.0,2002-08-01,0.11373702834295135,0.21363133784261606
0.2001981785284199,0.0,1.0,0.0,0.0,0.0,0.0,0.0,0.0,0.0,0.0,0.0,0.0,0.0,0.0,1.0,2002-09-01,0.0786050154027472,0.027535911804102874
0.024717296349712304,1.0,1.0,0.0,0.0,0.0,0.0,0.0,0.0,0.0,0.0,0.0,0.0,0.0,0.0,1.0,2002-09-01,0.07707005821796833,0.2001981785284199
0.24133749978948116,0.0,1.0,0.0,0.0,0.0,0.0,0.0,0.0,0.0,0.0,0.0,0.0,0.0,1.0,0.0,2002-10-01,0.08891786383205871,0.024717296349712304
0.03718445791758708,1.0,1.0,0.0,0.0,0.0,0.0,0.0,0.0,0.0,0.0,0.0,0.0,0.0,1.0,0.0,2002-10-01,0.09304380877637758,0.24133749978948116
0.19278930557185767,0.0,1.0,0.0,0.0,0.0,0.0,0.0,0.0,0.0,0.0,0.0,0.0,1.0,0.0,0.0,2002-11-01,0.08987560067966674,0.03718445791758708
0.02936158474880228,1.0,1.0,0.0,0.0,0.0,0.0,0.0,0.0,0.0,0.0,0.0,0.0,1.0,0.0,0.0,2002-11-01,0.09186160748471314,0.19278930557185767
0.0840795046077609,0.0,1.0,0.0,0.0,0.0,1.0,0.0,0.0,0.0,0.0,0.0,0.0,0.0,0.0,0.0,2002-12-01,0.024614395050607113,0.02936158474880228
0.017374945916138352,1.0,1.0,0.0,0.0,0.0,1.0,0.0,0.0,0.0,0.0,0.0,0.0,0.0,0.0,0.0,2002-12-01,0.01614338243062527,0.0840795046077609
0.21900634238496755,0.0,1.0,0.0,0.0,0.0,0.0,0.0,1.0,0.0,0.0,0.0,0.0,0.0,0.0,0.0,2003-01-01,0.027354403160774532,0.017374945916138352
0.020962788713949437,1.0,1.0,0.0,0.0,0.0,0.0,0.0,1.0,0.0,0.0,0.0,0.0,0.0,0.0,0.0,2003-01-01,0.02376288070435617,0.21900634238496755
0.2166905747658729,0.0,1.0,0.0,0.0,0.0,0.0,1.0,0.0,0.0,0.0,0.0,0.0,0.0,0.0,0.0,2003-02-01,0.08047048908847537,0.020962788713949437
0.03195688912001639,1.0,1.0,0.0,0.0,0.0,0.0,1.0,0.0,0.0,0.0,0.0,0.0,0.0,0.0,0.0,2003-02-01,0.0867060705048614,0.2166905747658729
0.23389158431183882,0.0,1.0,0.0,0.0,0.0,0.0,0.0,0.0,0.0,0.0,1.0,0.0,0.0,0.0,0.0,2003-03-01,0.09307134957911564,0.03195688912001639
0.04259217316312556,1.0,1.0,0.0,0.0,0.0,0.0,0.0,0.0,0.0,0.0,1.0,0.0,0.0,0.0,0.0,2003-03-01,0.10232058240312511,0.23389158431183882
0.2773358960720366,0.0,1.0,0.0,0.0,0.0,0.0,0.0,0.0,0.0,0.0,0.0,0.0,0.0,0.0,0.0,2003-04-01,0.12825394623812506,0.04259217316312556
0.028459909255715336,1.0,1.0,0.0,0.0,0.0,0.0,0.0,0.0,0.0,0.0,0.0,0.0,0.0,0.0,0.0,2003-04-01,0.12675855551067292,0.2773358960720366
0.2480606504110253,0.0,1.0,0.0,0.0,0.0,0.0,0.0,0.0,0.0,0.0,0.0,1.0,0.0,0.0,0.0,2003-05-01,0.13281758097938653,0.028459909255715336
0.018426712557196426,1.0,1.0,0.0,0.0,0.0,0.0,0.0,0.0,0.0,0.0,0.0,1.0,0.0,0.0,0.0,2003-05-01,0.12248386242309253,0.2480606504110253
0.25862479776559055,0.0,1.0,0.0,0.0,0.0,0.0,0.0,0.0,0.0,1.0,0.0,0.0,0.0,0.0,0.0,2003-06-01,0.11448255729876466,0.018426712557196426
0.019679200504955745,1.0,1.0,0.0,0.0,0.0,0.0,0.0,0.0,0.0,1.0,0.0,0.0,0.0,0.0,0.0,2003-06-01,0.11072771999461353,0.25862479776559055
0.23830875366491044,0.0,1.0,0.0,0.0,0.0,0.0,0.0,0.0,1.0,0.0,0.0,0.0,0.0,0.0,0.0,2003-07-01,0.10655757989226994,0.019679200504955745
0.02701786667459418,1.0,1.0,0.0,0.0,0.0,0.0,0.0,0.0,1.0,0.0,0.0,0.0,0.0,0.0,0.0,2003-07-01,0.11023135918291388,0.23830875366491044
0.17049775263021857,0.0,1.0,0.0,0.0,1.0,0.0,0.0,0.0,0.0,0.0,0.0,0.0,0.0,0.0,0.0,2003-08-01,0.07254616474456277,0.02701786667459418
0.025598032170465683,1.0,1.0,0.0,0.0,1.0,0.0,0.0,0.0,0.0,0.0,0.0,0.0,0.0,0.0,0.0,2003-08-01,0.0750771961869535,0.17049775263021857
0.22054442126275015,0.0,1.0,0.0,0.0,0.0,0.0,0.0,0.0,0.0,0.0,0.0,0.0,0.0,0.0,1.0,2003-09-01,0.06748075040104784,0.025598032170465683
0.041505813239333805,1.0,1.0,0.0,0.0,0.0,0.0,0.0,0.0,0.0,0.0,0.0,0.0,0.0,0.0,1.0,2003-09-01,0.07367613664673409,0.22054442126275015
0.27277842113622613,0.0,1.0,0.0,0.0,0.0,0.0,0.0,0.0,0.0,0.0,0.0,0.0,0.0,1.0,0.0,2003-10-01,0.11741375288034983,0.041505813239333805
0.03575809564545602,1.0,1.0,0.0,0.0,0.0,0.0,0.0,0.0,0.0,0.0,0.0,0.0,0.0,1.0,0.0,2003-10-01,0.12175843466302907,0.27277842113622613
0.2107868269057378,0.0,1.0,0.0,0.0,0.0,0.0,0.0,0.0,0.0,0.0,0.0,0.0,1.0,0.0,0.0,2003-11-01,0.1175858581284395,0.03575809564545602
0.026595688982922343,1.0,1.0,0.0,0.0,0.0,0.0,0.0,0.0,0.0,0.0,0.0,0.0,1.0,0.0,0.0,2003-11-01,0.11120993878563482,0.2107868269057378
0.15000997714145917,0.0,1.0,0.0,0.0,0.0,1.0,0.0,0.0,0.0,0.0,0.0,0.0,0.0,0.0,0.0,2003-12-01,0.0587112685337301,0.026595688982922343
0.025934003505236666,1.0,1.0,0.0,0.0,0.0,1.0,0.0,0.0,0.0,0.0,0.0,0.0,0.0,0.0,0.0,2003-12-01,0.05451025598513343,0.15000997714145917
0.21902858855336949,0.0,1.0,0.0,0.0,0.0,0.0,0.0,1.0,0.0,0.0,0.0,0.0,0.0,0.0,0.0,2004-01-01,0.05803462684913377,0.025934003505236666
0.028425168712378823,1.0,1.0,0.0,0.0,0.0,0.0,0.0,1.0,0.0,0.0,0.0,0.0,0.0,0.0,0.0,2004-01-01,0.05881695535248574,0.21902858855336949
0.1927867035751793,0.0,1.0,0.0,0.0,0.0,0.0,1.0,0.0,0.0,0.0,0.0,0.0,0.0,0.0,0.0,2004-02-01,0.0771092883203576,0.028425168712378823
0.03199793634410374,1.0,1.0,0.0,0.0,0.0,0.0,1.0,0.0,0.0,0.0,0.0,0.0,0.0,0.0,0.0,2004-02-01,0.07970236843262934,0.1927867035751793
0.24741028122345146,0.0,1.0,0.0,0.0,0.0,0.0,0.0,0.0,0.0,0.0,1.0,0.0,0.0,0.0,0.0,2004-03-01,0.09183904685091288,0.03199793634410374
0.03694323601815622,1.0,1.0,0.0,0.0,0.0,0.0,0.0,0.0,0.0,0.0,1.0,0.0,0.0,0.0,0.0,2004-03-01,0.09548157250423628,0.24741028122345146
0.25614598320703463,0.0,1.0,0.0,0.0,0.0,0.0,0.0,0.0,0.0,0.0,0.0,0.0,0.0,0.0,0.0,2004-04-01,0.12257548866507625,0.03694323601815622
0.054041057114502127,1.0,1.0,0.0,0.0,0.0,0.0,0.0,0.0,0.0,0.0,0.0,0.0,0.0,0.0,0.0,2004-04-01,0.13200164485792806,0.25614598320703463
0.24210182119500498,0.0,1.0,0.0,0.0,0.0,0.0,0.0,0.0,0.0,0.0,0.0,1.0,0.0,0.0,0.0,2004-05-01,0.12973162266402696,0.054041057114502127
0.039949933499880255,1.0,1.0,0.0,0.0,0.0,0.0,0.0,0.0,0.0,0.0,0.0,1.0,0.0,0.0,0.0,2004-05-01,0.13101735712887844,0.24210182119500498
0.28181905663184154,0.0,1.0,0.0,0.0,0.0,0.0,0.0,0.0,0.0,1.0,0.0,0.0,0.0,0.0,0.0,2004-06-01,0.1419957663375129,0.039949933499880255
0.04502411369006109,1.0,1.0,0.0,0.0,0.0,0.0,0.0,0.0,0.0,1.0,0.0,0.0,0.0,0.0,0.0,2004-06-01,0.13813990953818758,0.28181905663184154
0.19062077460120877,0.0,1.0,0.0,0.0,0.0,0.0,0.0,0.0,1.0,0.0,0.0,0.0,0.0,0.0,0.0,2004-07-01,0.11612540482176509,0.04502411369006109
0.04821625900145504,1.0,1.0,0.0,0.0,0.0,0.0,0.0,0.0,1.0,0.0,0.0,0.0,0.0,0.0,0.0,2004-07-01,0.11966027976667018,0.19062077460120877
0.17663891796119707,0.0,1.0,0.0,0.0,1.0,0.0,0.0,0.0,0.0,0.0,0.0,0.0,0.0,0.0,0.0,2004-08-01,0.07468278198755735,0.04821625900145504
0.037542136643301076,1.0,1.0,0.0,0.0,1.0,0.0,0.0,0.0,0.0,0.0,0.0,0.0,0.0,0.0,0.0,2004-08-01,0.07148331286480039,0.17663891796119707
0.21302275336022866,0.0,1.0,0.0,0.0,0.0,0.0,0.0,0.0,0.0,0.0,0.0,0.0,0.0,0.0,1.0,2004-09-01,0.08106292516248567,0.037542136643301076
0.05742562255424166,1.0,1.0,0.0,0.0,0.0,0.0,0.0,0.0,0.0,0.0,0.0,0.0,0.0,0.0,1.0,2004-09-01,0.08500106532827834,0.21302275336022866
0.17848125216684896,0.0,1.0,0.0,0.0,0.0,0.0,0.0,0.0,0.0,0.0,0.0,0.0,0.0,1.0,0.0,2004-10-01,0.08578889070757892,0.05742562255424166
0.04551777992494383,1.0,1.0,0.0,0.0,0.0,0.0,0.0,0.0,0.0,0.0,0.0,0.0,0.0,1.0,0.0,2004-10-01,0.08919946310766272,0.17848125216684896
0.27378500822433377,0.0,1.0,0.0,0.0,0.0,0.0,0.0,0.0,0.0,0.0,0.0,0.0,1.0,0.0,0.0,2004-11-01,0.11518283047858757,0.04551777992494383
0.05341376503782521,1.0,1.0,0.0,0.0,0.0,0.0,0.0,0.0,0.0,0.0,0.0,0.0,1.0,0.0,0.0,2004-11-01,0.11346726597358375,0.27378500822433377
0.1597639064765881,0.0,1.0,0.0,0.0,0.0,1.0,0.0,0.0,0.0,0.0,0.0,0.0,0.0,0.0,0.0,2004-12-01,0.10546328932119742,0.05341376503782521
0.034839530342961014,1.0,1.0,0.0,0.0,0.0,1.0,0.0,0.0,0.0,0.0,0.0,0.0,0.0,0.0,0.0,2004-12-01,0.10089701898795161,0.1597639064765881
0.18637567671003522,0.0,1.0,0.0,0.0,0.0,0.0,0.0,1.0,0.0,0.0,0.0,0.0,0.0,0.0,0.0,2005-01-01,0.06351873575171393,0.034839530342961014
0.04573171345293162,1.0,1.0,0.0,0.0,0.0,0.0,0.0,1.0,0.0,0.0,0.0,0.0,0.0,0.0,0.0,2005-01-01,0.06023371005707662,0.18637567671003522
0.1727027445407401,0.0,1.0,0.0,0.0,0.0,0.0,1.0,0.0,0.0,0.0,0.0,0.0,0.0,0.0,0.0,2005-02-01,0.06576666112226781,0.04573171345293162
0.07140217781255118,1.0,1.0,0.0,0.0,0.0,0.0,1.0,0.0,0.0,0.0,0.0,0.0,0.0,0.0,0.0,2005-02-01,0.08140170796805554,0.1727027445407401
0.2234228736087602,0.0,1.0,0.0,0.0,0.0,0.0,0.0,0.0,0.0,0.0,1.0,0.0,0.0,0.0,0.0,2005-03-01,0.09724395953089571,0.07140217781255118
0.06066426333933301,1.0,1.0,0.0,0.0,0.0,0.0,0.0,0.0,0.0,0.0,1.0,0.0,0.0,0.0,0.0,2005-03-01,0.10362946859981995,0.2234228736087602
0.21572881027101437,0.0,1.0,0.0,0.0,0.0,0.0,0.0,0.0,0.0,0.0,0.0,0.0,0.0,0.0,0.0,2005-04-01,0.12202842490740926,0.06066426333933301
0.05959004161616444,1.0,1.0,0.0,0.0,0.0,0.0,0.0,0.0,0.0,0.0,0.0,0.0,0.0,0.0,0.0,2005-04-01,0.11697727802498131,0.21572881027101437
0.24990293042477527,0.0,1.0,0.0,0.0,0.0,0.0,0.0,0.0,0.0,0.0,0.0,1.0,0.0,0.0,0.0,2005-05-01,0.1283007722862178,0.05959004161616444
0.051259303934213754,1.0,1.0,0.0,0.0,0.0,0.0,0.0,0.0,0.0,0.0,0.0,1.0,0.0,0.0,0.0,2005-05-01,0.12427899073978918,0.24990293042477527
0.26870314220876973,0.0,1.0,0.0,0.0,0.0,0.0,0.0,0.0,0.0,1.0,0.0,0.0,0.0,0.0,0.0,2005-06-01,0.1469320593437515,0.051259303934213754
0.07787284404375946,1.0,1.0,0.0,0.0,0.0,0.0,0.0,0.0,0.0,1.0,0.0,0.0,0.0,0.0,0.0,2005-06-01,0.15475021509041834,0.26870314220876973
0.23371520655721886,0.0,1.0,0.0,0.0,0.0,0.0,0.0,0.0,1.0,0.0,0.0,0.0,0.0,0.0,0.0,2005-07-01,0.1478279641454772,0.07787284404375946
0.06780170869430538,1.0,1.0,0.0,0.0,0.0,0.0,0.0,0.0,1.0,0.0,0.0,0.0,0.0,0.0,0.0,2005-07-01,0.1549018849708532,0.23371520655721886
0.2015247169611846,0.0,1.0,0.0,0.0,1.0,0.0,0.0,0.0,0.0,0.0,0.0,0.0,0.0,0.0,0.0,2005-08-01,0.12617481244018294,0.06780170869430538
0.051972983007464335,1.0,1.0,0.0,0.0,1.0,0.0,0.0,0.0,0.0,0.0,0.0,0.0,0.0,0.0,0.0,2005-08-01,0.11509942352206182,0.2015247169611846
0.22854101639026964,0.0,1.0,0.0,0.0,0.0,0.0,0.0,0.0,0.0,0.0,0.0,0.0,0.0,0.0,1.0,2005-09-01,0.11288681827468336,0.051972983007464335
0.0750700172821627,1.0,1.0,0.0,0.0,0.0,0.0,0.0,0.0,0.0,0.0,0.0,0.0,0.0,0.0,1.0,2005-09-01,0.11599491774574347,0.22854101639026964
0.1823569183654223,0.0,1.0,0.0,0.0,0.0,0.0,0.0,0.0,0.0,0.0,0.0,0.0,0.0,1.0,0.0,2005-10-01,0.10779831685067356,0.0750700172821627
0.07317573503355906,1.0,1.0,0.0,0.0,0.0,0.0,0.0,0.0,0.0,0.0,0.0,0.0,0.0,1.0,0.0,2005-10-01,0.11686511162978064,0.1823569183654223
0.250760773701254,0.0,1.0,0.0,0.0,0.0,0.0,0.0,0.0,0.0,0.0,0.0,0.0,1.0,0.0,0.0,2005-11-01,0.126366801756247,0.07317573503355906
0.07168184690286572,1.0,1.0,0.0,0.0,0.0,0.0,0.0,0.0,0.0,0.0,0.0,0.0,1.0,0.0,0.0,2005-11-01,0.12491794052031277,0.250760773701254
0.06244573925382411,0.0,1.0,0.0,0.0,0.0,1.0,0.0,0.0,0.0,0.0,0.0,0.0,0.0,0.0,0.0,2005-12-01,0.07364110384422681,0.07168184690286572
0.04819352903288592,1.0,1.0,0.0,0.0,0.0,1.0,0.0,0.0,0.0,0.0,0.0,0.0,0.0,0.0,0.0,2005-12-01,0.06295812577332774,0.06244573925382411
0.2973362939426969,0.0,1.0,0.0,0.0,0.0,0.0,0.0,1.0,0.0,0.0,0.0,0.0,0.0,0.0,0.0,2006-01-01,0.08287491219990042,0.04819352903288592
0.08324275690350724,1.0,1.0,0.0,0.0,0.0,0.0,0.0,1.0,0.0,0.0,0.0,0.0,0.0,0.0,0.0,2006-01-01,0.08781862886019706,0.2973362939426969
0.24685425542464892,0.0,1.0,0.0,0.0,0.0,0.0,1.0,0.0,0.0,0.0,0.0,0.0,0.0,0.0,0.0,2006-02-01,0.16667604178389447,0.08324275690350724
0.08438005760772738,1.0,1.0,0.0,0.0,0.0,0.0,1.0,0.0,0.0,0.0,0.0,0.0,0.0,0.0,0.0,2006-02-01,0.18215025135596255,0.24685425542464892
0.25200203567873786,0.0,1.0,0.0,0.0,0.0,0.0,0.0,0.0,0.0,0.0,1.0,0.0,0.0,0.0,0.0,2006-03-01,0.1627642577058702,0.08438005760772738
0.09696012329075496,1.0,1.0,0.0,0.0,0.0,0.0,0.0,0.0,0.0,0.0,1.0,0.0,0.0,0.0,0.0,2006-03-01,0.1686301257681825,0.25200203567873786
0.2863596920231964,0.0,1.0,0.0,0.0,0.0,0.0,0.0,0.0,0.0,0.0,0.0,0.0,0.0,0.0,0.0,2006-04-01,0.18552357836609182,0.09696012329075496
0.07456476536843862,1.0,1.0,0.0,0.0,0.0,0.0,0.0,0.0,0.0,0.0,0.0,0.0,0.0,0.0,0.0,2006-04-01,0.18132632886182612,0.2863596920231964
0.309716012164607,0.0,1.0,0.0,0.0,0.0,0.0,0.0,0.0,0.0,0.0,0.0,1.0,0.0,0.0,0.0,2006-05-01,0.20600618079989394,0.07456476536843862
0.0955961885187685,1.0,1.0,0.0,0.0,0.0,0.0,0.0,0.0,0.0,0.0,0.0,1.0,0.0,0.0,0.0,2006-05-01,0.20542293025513117,0.309716012164607
0.19999167753757852,0.0,1.0,0.0,0.0,0.0,0.0,0.0,0.0,0.0,1.0,0.0,0.0,0.0,0.0,0.0,2006-06-01,0.16848993863893505,0.0955961885187685
0.08103323839840199,1.0,1.0,0.0,0.0,0.0,0.0,0.0,0.0,0.0,1.0,0.0,0.0,0.0,0.0,0.0,2006-06-01,0.1712560096388074,0.19999167753757852
0.27902603349944427,0.0,1.0,0.0,0.0,0.0,0.0,0.0,0.0,1.0,0.0,0.0,0.0,0.0,0.0,0.0,2006-07-01,0.15813225391173277,0.08103323839840199
0.08087218674193541,1.0,1.0,0.0,0.0,0.0,0.0,0.0,0.0,1.0,0.0,0.0,0.0,0.0,0.0,0.0,2006-07-01,0.1518359249128626,0.27902603349944427
0.30221119048235506,0.0,1.0,0.0,0.0,1.0,0.0,0.0,0.0,0.0,0.0,0.0,0.0,0.0,0.0,0.0,2006-08-01,0.19554738959206694,0.08087218674193541
0.09253598752943179,1.0,1.0,0.0,0.0,1.0,0.0,0.0,0.0,0.0,0.0,0.0,0.0,0.0,0.0,0.0,2006-08-01,0.2004662352984282,0.30221119048235506
0.24365838618713043,0.0,1.0,0.0,0.0,0.0,0.0,0.0,0.0,0.0,0.0,0.0,0.0,0.0,0.0,1.0,2006-09-01,0.18534219858819692,0.09253598752943179
0.06932585279211018,1.0,1.0,0.0,0.0,0.0,0.0,0.0,0.0,0.0,0.0,0.0,0.0,0.0,0.0,1.0,2006-09-01,0.18040471498959335,0.24365838618713043
0.31440600043744404,0.0,1.0,0.0,0.0,0.0,0.0,0.0,0.0,0.0,0.0,0.0,0.0,0.0,1.0,0.0,2006-10-01,0.18561950215952885,0.06932585279211018
0.07453267198169869,1.0,1.0,0.0,0.0,0.0,0.0,0.0,0.0,0.0,0.0,0.0,0.0,0.0,1.0,0.0,2006-10-01,0.17792086156731188,0.31440600043744404
0.25501229019123656,0.0,1.0,0.0,0.0,0.0,0.0,0.0,0.0,0.0,0.0,0.0,0.0,1.0,0.0,0.0,2006-11-01,0.1827760576013087,0.07453267198169869
0.07914230780111892,1.0,1.0,0.0,0.0,0.0,0.0,0.0,0.0,0.0,0.0,0.0,0.0,1.0,0.0,0.0,2006-11-01,0.18697380433321784,0.25501229019123656
0.2058270277563825,0.0,1.0,0.0,0.0,0.0,1.0,0.0,0.0,0.0,0.0,0.0,0.0,0.0,0.0,0.0,2006-12-01,0.14054288529903516,0.07914230780111892
0.05071605721417792,1.0,1.0,0.0,0.0,0.0,1.0,0.0,0.0,0.0,0.0,0.0,0.0,0.0,0.0,0.0,2006-12-01,0.13035834141697691,0.2058270277563825
0.2679083390365434,0.0,1.0,0.0,0.0,0.0,0.0,0.0,1.0,0.0,0.0,0.0,0.0,0.0,0.0,0.0,2007-01-01,0.13587299480715168,0.05071605721417792
0.1098616808606927,1.0,1.0,0.0,0.0,0.0,0.0,0.0,1.0,0.0,0.0,0.0,0.0,0.0,0.0,0.0,2007-01-01,0.1490093202676955,0.2679083390365434
0.24197869326706586,0.0,1.0,0.0,0.0,0.0,0.0,1.0,0.0,0.0,0.0,0.0,0.0,0.0,0.0,0.0,2007-02-01,0.16446862157466183,0.1098616808606927
0.08196107876270609,1.0,1.0,0.0,0.0,0.0,0.0,1.0,0.0,0.0,0.0,0.0,0.0,0.0,0.0,0.0,2007-02-01,0.17782972667557642,0.24197869326706586
0.28168861083367874,0.0,1.0,0.0,0.0,0.0,0.0,0.0,0.0,0.0,0.0,1.0,0.0,0.0,0.0,0.0,2007-03-01,0.18372249456868642,0.08196107876270609
0.0959433928923239,1.0,1.0,0.0,0.0,0.0,0.0,0.0,0.0,0.0,0.0,1.0,0.0,0.0,0.0,0.0,2007-03-01,0.17777070771901685,0.28168861083367874
0.193638015549401,0.0,1.0,0.0,0.0,0.0,0.0,0.0,0.0,0.0,0.0,0.0,0.0,0.0,0.0,0.0,2007-04-01,0.15709909849538398,0.0959433928923239
0.07469916403387647,1.0,1.0,0.0,0.0,0.0,0.0,0.0,0.0,0.0,0.0,0.0,0.0,0.0,0.0,0.0,2007-04-01,0.15399373318862383,0.193638015549401
0.21694421328664004,0.0,1.0,0.0,0.0,0.0,0.0,0.0,0.0,0.0,0.0,0.0,1.0,0.0,0.0,0.0,2007-05-01,0.12630750807343796,0.07469916403387647
0.10677297021864673,1.0,1.0,0.0,0.0,0.0,0.0,0.0,0.0,0.0,0.0,0.0,1.0,0.0,0.0,0.0,2007-05-01,0.13093848970456748,0.21694421328664004
0.15976911125533477,0.0,1.0,0.0,0.0,0.0,0.0,0.0,0.0,0.0,1.0,0.0,0.0,0.0,0.0,0.0,2007-06-01,0.1164553507115923,0.10677297021864673
0.14233163024063802,1.0,1.0,0.0,0.0,0.0,0.0,0.0,0.0,0.0,1.0,0.0,0.0,0.0,0.0,0.0,2007-06-01,0.1453765818209742,0.15976911125533477
0.3251034064640338,0.0,1.0,0.0,0.0,0.0,0.0,0.0,0.0,1.0,0.0,0.0,0.0,0.0,0.0,0.0,2007-07-01,0.19162799327955785,0.14233163024063802
0.0931778230632449,1.0,1.0,0.0,0.0,0.0,0.0,0.0,0.0,1.0,0.0,0.0,0.0,0.0,0.0,0.0,2007-07-01,0.18581438903148265,0.3251034064640338
0.31355058480109,0.0,1.0,0.0,0.0,1.0,0.0,0.0,0.0,0.0,0.0,0.0,0.0,0.0,0.0,0.0,2007-08-01,0.2515749591570984,0.0931778230632449
0.09587790119355546,1.0,1.0,0.0,0.0,1.0,0.0,0.0,0.0,0.0,0.0,0.0,0.0,0.0,0.0,0.0,2007-08-01,0.23171025350588023,0.31355058480109
0.18445751036243113,0.0,1.0,0.0,0.0,0.0,0.0,0.0,0.0,0.0,0.0,0.0,0.0,0.0,0.0,1.0,2007-09-01,0.17156676482538166,0.09587790119355546
0.11398977607961527,1.0,1.0,0.0,0.0,0.0,0.0,0.0,0.0,0.0,0.0,0.0,0.0,0.0,0.0,1.0,2007-09-01,0.18046644476879722,0.18445751036243113
0.22683201311251133,0.0,1.0,0.0,0.0,0.0,0.0,0.0,0.0,0.0,0.0,0.0,0.0,0.0,1.0,0.0,2007-10-01,0.14338354665868594,0.11398977607961527
0.11154695554664718,1.0,1.0,0.0,0.0,0.0,0.0,0.0,0.0,0.0,0.0,0.0,0.0,0.0,1.0,0.0,2007-10-01,0.15008400233667105,0.22683201311251133
0.19942775228734486,0.0,1.0,0.0,0.0,0.0,0.0,0.0,0.0,0.0,0.0,0.0,0.0,1.0,0.0,0.0,2007-11-01,0.1564856294065782,0.11154695554664718
0.12476509238978445,1.0,1.0,0.0,0.0,0.0,0.0,0.0,0.0,0.0,0.0,0.0,0.0,1.0,0.0,0.0,2007-11-01,0.16109340775271128,0.19942775228734486
0.14722134669467082,0.0,1.0,0.0,0.0,0.0,1.0,0.0,0.0,0.0,0.0,0.0,0.0,0.0,0.0,0.0,2007-12-01,0.12705001688768788,0.12476509238978445
0.06992668743983896,1.0,1.0,0.0,0.0,0.0,1.0,0.0,0.0,0.0,0.0,0.0,0.0,0.0,0.0,0.0,2007-12-01,0.1092522126634336,0.14722134669467082
0.23664012806636525,0.0,1.0,0.0,0.0,0.0,0.0,0.0,1.0,0.0,0.0,0.0,0.0,0.0,0.0,0.0,2008-01-01,0.12516509859522915,0.06992668743983896
0.10235062710972878,1.0,1.0,0.0,0.0,0.0,0.0,0.0,1.0,0.0,0.0,0.0,0.0,0.0,0.0,0.0,2008-01-01,0.1155801467678641,0.23664012806636525
0.27930703696716797,0.0,1.0,0.0,0.0,0.0,0.0,1.0,0.0,0.0,0.0,0.0,0.0,0.0,0.0,0.0,2008-02-01,0.17206309037270948,0.10235062710972878
0.07690712589623602,1.0,1.0,0.0,0.0,0.0,0.0,1.0,0.0,0.0,0.0,0.0,0.0,0.0,0.0,0.0,2008-02-01,0.1750480898140295,0.27930703696716797
0.2140026682152555,0.0,1.0,0.0,0.0,0.0,0.0,0.0,0.0,0.0,0.0,1.0,0.0,0.0,0.0,0.0,2008-03-01,0.16536778027035878,0.07690712589623602
0.08866905682981871,1.0,1.0,0.0,0.0,0.0,0.0,0.0,0.0,0.0,0.0,1.0,0.0,0.0,0.0,0.0,2008-03-01,0.15951721946432726,0.2140026682152555
0.2749957931474545,0.0,1.0,0.0,0.0,0.0,0.0,0.0,0.0,0.0,0.0,0.0,0.0,0.0,0.0,0.0,2008-04-01,0.15767363034401263,0.08866905682981871
0.09569077891265754,1.0,1.0,0.0,0.0,0.0,0.0,0.0,0.0,0.0,0.0,0.0,0.0,0.0,0.0,0.0,2008-04-01,0.16570596156649967,0.2749957931474545
0.24646072168735614,0.0,1.0,0.0,0.0,0.0,0.0,0.0,0.0,0.0,0.0,0.0,1.0,0.0,0.0,0.0,2008-05-01,0.17958578760977126,0.09569077891265754
0.13360501129103786,1.0,1.0,0.0,0.0,0.0,0.0,0.0,0.0,0.0,0.0,0.0,1.0,0.0,0.0,0.0,2008-05-01,0.19880145719840517,0.24646072168735614
0.2642281744435168,0.0,1.0,0.0,0.0,0.0,0.0,0.0,0.0,0.0,1.0,0.0,0.0,0.0,0.0,0.0,2008-06-01,0.19419697052949894,0.13360501129103786
0.13392248747948238,1.0,1.0,0.0,0.0,0.0,0.0,0.0,0.0,0.0,1.0,0.0,0.0,0.0,0.0,0.0,2008-06-01,0.2105457471035688,0.2642281744435168
0.24383931723959013,0.0,1.0,0.0,0.0,0.0,0.0,0.0,0.0,1.0,0.0,0.0,0.0,0.0,0.0,0.0,2008-07-01,0.20942477298984616,0.13392248747948238
0.10784144485135524,1.0,1.0,0.0,0.0,0.0,0.0,0.0,0.0,1.0,0.0,0.0,0.0,0.0,0.0,0.0,2008-07-01,0.19840766684254021,0.24383931723959013
0.24877018419647975,0.0,1.0,0.0,0.0,1.0,0.0,0.0,0.0,0.0,0.0,0.0,0.0,0.0,0.0,0.0,2008-08-01,0.19179746713380277,0.10784144485135524
0.10960565946702419,1.0,1.0,0.0,0.0,1.0,0.0,0.0,0.0,0.0,0.0,0.0,0.0,0.0,0.0,0.0,2008-08-01,0.18139902031914137,0.24877018419647975
0.2108938802589662,0.0,1.0,0.0,0.0,0.0,0.0,0.0,0.0,0.0,0.0,0.0,0.0,0.0,0.0,1.0,2008-09-01,0.16731077763990362,0.10960565946702419
0.13125927869178294,1.0,1.0,0.0,0.0,0.0,0.0,0.0,0.0,0.0,0.0,0.0,0.0,0.0,0.0,1.0,2008-09-01,0.1773247934309233,0.2108938802589662
0.28411561597059704,0.0,1.0,0.0,0.0,0.0,0.0,0.0,0.0,0.0,0.0,0.0,0.0,0.0,1.0,0.0,2008-10-01,0.19243933025522056,0.13125927869178294
0.11905509157420024,1.0,1.0,0.0,0.0,0.0,0.0,0.0,0.0,0.0,0.0,0.0,0.0,0.0,1.0,0.0,2008-10-01,0.19648012937362866,0.28411561597059704
0.2347873740931516,0.0,1.0,0.0,0.0,0.0,0.0,0.0,0.0,0.0,0.0,0.0,0.0,1.0,0.0,0.0,2008-11-01,0.20669754855033737,0.11905509157420024
0.10504084035042902,1.0,1.0,0.0,0.0,0.0,0.0,0.0,0.0,0.0,0.0,0.0,0.0,1.0,0.0,0.0,2008-11-01,0.19548592849379168,0.2347873740931516
0.1501666643863526,0.0,1.0,0.0,0.0,0.0,1.0,0.0,0.0,0.0,0.0,0.0,0.0,0.0,0.0,0.0,2008-12-01,0.13820621058754098,0.10504084035042902
0.08422061835668812,1.0,1.0,0.0,0.0,0.0,1.0,0.0,0.0,0.0,0.0,0.0,0.0,0.0,0.0,0.0,2008-12-01,0.12331017164350314,0.1501666643863526
0.21125956642722005,0.0,1.0,0.0,0.0,0.0,0.0,0.0,1.0,0.0,0.0,0.0,0.0,0.0,0.0,0.0,2009-01-01,0.1132491284616198,0.08422061835668812
0.08315081327351986,1.0,1.0,0.0,0.0,0.0,0.0,0.0,1.0,0.0,0.0,0.0,0.0,0.0,0.0,0.0,2009-01-01,0.10388843872798678,0.21125956642722005
0.19736024562449664,0.0,1.0,0.0,0.0,0.0,0.0,1.0,0.0,0.0,0.0,0.0,0.0,0.0,0.0,0.0,2009-02-01,0.12406952255383866,0.08315081327351986
0.08620611735694356,1.0,1.0,0.0,0.0,0.0,0.0,1.0,0.0,0.0,0.0,0.0,0.0,0.0,0.0,0.0,2009-02-01,0.12491856856198344,0.19736024562449664
0.2605178775822852,0.0,1.0,0.0,0.0,0.0,0.0,0.0,0.0,0.0,0.0,1.0,0.0,0.0,0.0,0.0,2009-03-01,0.14598257939693146,0.08620611735694356
0.10665536672313616,1.0,1.0,0.0,0.0,0.0,0.0,0.0,0.0,0.0,0.0,1.0,0.0,0.0,0.0,0.0,2009-03-01,0.15603367852972064,0.2605178775822852
0.31118659542133775,0.0,1.0,0.0,0.0,0.0,0.0,0.0,0.0,0.0,0.0,0.0,0.0,0.0,0.0,0.0,2009-04-01,0.2047084992696254,0.10665536672313616
0.13073552259974877,1.0,1.0,0.0,0.0,0.0,0.0,0.0,0.0,0.0,0.0,0.0,0.0,0.0,0.0,0.0,2009-04-01,0.22375031886338934,0.31118659542133775
0.2552238420244078,0.0,1.0,0.0,0.0,0.0,0.0,0.0,0.0,0.0,0.0,0.0,1.0,0.0,0.0,0.0,2009-05-01,0.22148646491190724,0.13073552259974877
0.10465623649609226,1.0,1.0,0.0,0.0,0.0,0.0,0.0,0.0,0.0,0.0,0.0,1.0,0.0,0.0,0.0,2009-05-01,0.2206315898710158,0.2552238420244078
0.2873070061296197,0.0,1.0,0.0,0.0,0.0,0.0,0.0,0.0,0.0,1.0,0.0,0.0,0.0,0.0,0.0,2009-06-01,0.21042011660325774,0.10465623649609226
0.11598617943298958,1.0,1.0,0.0,0.0,0.0,0.0,0.0,0.0,0.0,1.0,0.0,0.0,0.0,0.0,0.0,2009-06-01,0.20411295103083363,0.2873070061296197
0.26019877602948027,0.0,1.0,0.0,0.0,0.0,0.0,0.0,0.0,1.0,0.0,0.0,0.0,0.0,0.0,0.0,2009-07-01,0.2062403496632413,0.11598617943298958
0.13021373822901283,1.0,1.0,0.0,0.0,0.0,0.0,0.0,0.0,1.0,0.0,0.0,0.0,0.0,0.0,0.0,2009-07-01,0.2171693377018636,0.26019877602948027
0.24531988869214263,0.0,1.0,0.0,0.0,1.0,0.0,0.0,0.0,0.0,0.0,0.0,0.0,0.0,0.0,0.0,2009-08-01,0.19921466008721486,0.13021373822901283
0.10984413328725864,1.0,1.0,0.0,0.0,1.0,0.0,0.0,0.0,0.0,0.0,0.0,0.0,0.0,0.0,0.0,2009-08-01,0.1965881768901935,0.24531988869214263
0.2520107574333752,0.0,1.0,0.0,0.0,0.0,0.0,0.0,0.0,0.0,0.0,0.0,0.0,0.0,0.0,1.0,2009-09-01,0.1930867878173491,0.10984413328725864
0.15875385110676243,1.0,1.0,0.0,0.0,0.0,0.0,0.0,0.0,0.0,0.0,0.0,0.0,0.0,0.0,1.0,2009-09-01,0.2052912104374239,0.2520107574333752
0.2251161600568989,0.0,1.0,0.0,0.0,0.0,0.0,0.0,0.0,0.0,0.0,0.0,0.0,0.0,1.0,0.0,2009-10-01,0.1966516215254244,0.15875385110676243
0.12288575807410615,1.0,1.0,0.0,0.0,0.0,0.0,0.0,0.0,0.0,0.0,0.0,0.0,0.0,1.0,0.0,2009-10-01,0.20222852660750687,0.2251161600568989
0.18696444933995934,0.0,1.0,0.0,0.0,0.0,0.0,0.0,0.0,0.0,0.0,0.0,0.0,1.0,0.0,0.0,2009-11-01,0.17441319745137943,0.12288575807410615
0.10284072217681897,1.0,1.0,0.0,0.0,0.0,0.0,0.0,0.0,0.0,0.0,0.0,0.0,1.0,0.0,0.0,2009-11-01,0.15050343022674592,0.18696444933995934
0.1464919272301042,0.0,1.0,0.0,0.0,0.0,1.0,0.0,0.0,0.0,0.0,0.0,0.0,0.0,0.0,0.0,2009-12-01,0.1168818615347226,0.10284072217681897
0.06890909429062272,1.0,1.0,0.0,0.0,0.0,1.0,0.0,0.0,0.0,0.0,0.0,0.0,0.0,0.0,0.0,2009-12-01,0.09380017229063797,0.1464919272301042
0.18228519341985702,0.0,0.0,1.0,0.0,0.0,0.0,0.0,1.0,0.0,0.0,0.0,0.0,0.0,0.0,0.0,2010-01-01,0.09179921255228535,0.06890909429062272
0.12310875303785515,1.0,0.0,1.0,0.0,0.0,0.0,0.0,1.0,0.0,0.0,0.0,0.0,0.0,0.0,0.0,2010-01-01,0.10046629860637202,0.18228519341985702
0.2048938074713881,0.0,0.0,1.0,0.0,0.0,0.0,1.0,0.0,0.0,0.0,0.0,0.0,0.0,0.0,0.0,2010-02-01,0.12544031434782008,0.12310875303785515
0.10902531171436208,1.0,0.0,1.0,0.0,0.0,0.0,1.0,0.0,0.0,0.0,0.0,0.0,0.0,0.0,0.0,2010-02-01,0.14259495117267365,0.2048938074713881
0.26351480717004927,0.0,0.0,1.0,0.0,0.0,0.0,0.0,0.0,0.0,0.0,1.0,0.0,0.0,0.0,0.0,2010-03-01,0.1773306419430372,0.10902531171436208
0.13569656502128694,1.0,0.0,1.0,0.0,0.0,0.0,0.0,0.0,0.0,0.0,1.0,0.0,0.0,0.0,0.0,2010-03-01,0.1827134860111703,0.26351480717004927
0.31377636554274974,0.0,0.0,1.0,0.0,0.0,0.0,0.0,0.0,0.0,0.0,0.0,0.0,0.0,0.0,0.0,2010-04-01,0.22927422528889482,0.13569656502128694
0.1428156750567738,1.0,0.0,1.0,0.0,0.0,0.0,0.0,0.0,0.0,0.0,0.0,0.0,0.0,0.0,0.0,2010-04-01,0.2437237783261634,0.31377636554274974
0.2147125758462937,0.0,0.0,1.0,0.0,0.0,0.0,0.0,0.0,0.0,0.0,0.0,1.0,0.0,0.0,0.0,2010-05-01,0.22285479793954036,0.1428156750567738
0.14449480524498803,1.0,0.0,1.0,0.0,0.0,0.0,0.0,0.0,0.0,0.0,0.0,1.0,0.0,0.0,0.0,2010-05-01,0.22661713211330262,0.2147125758462937
0.3069599883568463,0.0,0.0,1.0,0.0,0.0,0.0,0.0,0.0,0.0,1.0,0.0,0.0,0.0,0.0,0.0,2010-06-01,0.2237022891247363,0.14449480524498803
0.15342804417199668,1.0,0.0,1.0,0.0,0.0,0.0,0.0,0.0,0.0,1.0,0.0,0.0,0.0,0.0,0.0,2010-06-01,0.22824038742298733,0.3069599883568463
0.19494730682036132,0.0,0.0,1.0,0.0,0.0,0.0,0.0,0.0,1.0,0.0,0.0,0.0,0.0,0.0,0.0,2010-07-01,0.21978829413852055,0.15342804417199668
0.15958536850709826,1.0,0.0,1.0,0.0,0.0,0.0,0.0,0.0,1.0,0.0,0.0,0.0,0.0,0.0,0.0,2010-07-01,0.2262413734383347,0.19494730682036132
0.2294852686542387,0.0,0.0,1.0,0.0,1.0,0.0,0.0,0.0,0.0,0.0,0.0,0.0,0.0,0.0,0.0,2010-08-01,0.19311136355811417,0.15958536850709826
0.1551272061218411,1.0,0.0,1.0,0.0,1.0,0.0,0.0,0.0,0.0,0.0,0.0,0.0,0.0,0.0,0.0,2010-08-01,0.1938379651179846,0.2294852686542387
0.3113019911858905,0.0,0.0,1.0,0.0,0.0,0.0,0.0,0.0,0.0,0.0,0.0,0.0,0.0,0.0,1.0,2010-09-01,0.243593961105282,0.1551272061218411
0.15532300067781385,1.0,0.0,1.0,0.0,0.0,0.0,0.0,0.0,0.0,0.0,0.0,0.0,0.0,0.0,1.0,2010-09-01,0.24177127250647992,0.3113019911858905
0.21905301574947317,0.0,0.0,1.0,0.0,0.0,0.0,0.0,0.0,0.0,0.0,0.0,0.0,0.0,1.0,0.0,2010-10-01,0.2373101961304113,0.15532300067781385
0.1553924377826535,1.0,0.0,1.0,0.0,0.0,0.0,0.0,0.0,0.0,0.0,0.0,0.0,0.0,1.0,0.0,2010-10-01,0.23742361541836735,0.21905301574947317
0.25916294416373403,0.0,0.0,1.0,0.0,0.0,0.0,0.0,0.0,0.0,0.0,0.0,0.0,1.0,0.0,0.0,2010-11-01,0.21512773426358603,0.1553924377826535
0.17295826524835897,1.0,0.0,1.0,0.0,0.0,0.0,0.0,0.0,0.0,0.0,0.0,0.0,1.0,0.0,0.0,2010-11-01,0.2226689876131325,0.25916294416373403
0.12214171072299101,0.0,0.0,1.0,0.0,0.0,1.0,0.0,0.0,0.0,0.0,0.0,0.0,0.0,0.0,0.0,2010-12-01,0.1812274373196067,0.17295826524835897
0.11223699516984553,1.0,0.0,1.0,0.0,0.0,1.0,0.0,0.0,0.0,0.0,0.0,0.0,0.0,0.0,0.0,2010-12-01,0.16277315641822646,0.12214171072299101
0.2249187613420926,0.0,0.0,1.0,0.0,0.0,0.0,0.0,1.0,0.0,0.0,0.0,0.0,0.0,0.0,0.0,2011-01-01,0.14812953951227362,0.11223699516984553
0.14177398575328906,1.0,0.0,1.0,0.0,0.0,0.0,0.0,1.0,0.0,0.0,0.0,0.0,0.0,0.0,0.0,2011-01-01,0.13479440914013427,0.2249187613420926
0.23295689809663003,0.0,0.0,1.0,0.0,0.0,0.0,1.0,0.0,0.0,0.0,0.0,0.0,0.0,0.0,0.0,2011-02-01,0.18218158610133842,0.14177398575328906
0.13615776716540556,1.0,0.0,1.0,0.0,0.0,0.0,1.0,0.0,0.0,0.0,0.0,0.0,0.0,0.0,0.0,2011-02-01,0.1924106700605636,0.23295689809663003
0.2825048649670517,0.0,0.0,1.0,0.0,0.0,0.0,0.0,0.0,0.0,0.0,1.0,0.0,0.0,0.0,0.0,2011-03-01,0.21703584055981337,0.13615776716540556
0.1894634060074239,1.0,0.0,1.0,0.0,0.0,0.0,0.0,0.0,0.0,0.0,1.0,0.0,0.0,0.0,0.0,2011-03-01,0.2374289567952285,0.2825048649670517
0.2421998390303382,0.0,0.0,1.0,0.0,0.0,0.0,0.0,0.0,0.0,0.0,0.0,0.0,0.0,0.0,0.0,2011-04-01,0.24138145543777265,0.1894634060074239
0.1687861245794753,1.0,0.0,1.0,0.0,0.0,0.0,0.0,0.0,0.0,0.0,0.0,0.0,0.0,0.0,0.0,2011-04-01,0.25533410744674945,0.2421998390303382
0.27156420798627146,0.0,0.0,1.0,0.0,0.0,0.0,0.0,0.0,0.0,0.0,0.0,1.0,0.0,0.0,0.0,2011-05-01,0.2506556255463218,0.1687861245794753
0.19017779507312763,1.0,0.0,1.0,0.0,0.0,0.0,0.0,0.0,0.0,0.0,0.0,1.0,0.0,0.0,0.0,2011-05-01,0.2509611150904716,0.27156420798627146
0.21151676786918597,0.0,0.0,1.0,0.0,0.0,0.0,0.0,0.0,0.0,1.0,0.0,0.0,0.0,0.0,0.0,2011-06-01,0.23784031317435614,0.19017779507312763
0.1505555301588829,1.0,0.0,1.0,0.0,0.0,0.0,0.0,0.0,0.0,1.0,0.0,0.0,0.0,0.0,0.0,2011-06-01,0.23004448279775144,0.21151676786918597
0.3244483716678672,0.0,0.0,1.0,0.0,0.0,0.0,0.0,0.0,1.0,0.0,0.0,0.0,0.0,0.0,0.0,2011-07-01,0.2526589933374972,0.1505555301588829
0.16475520211637312,1.0,0.0,1.0,0.0,0.0,0.0,0.0,0.0,1.0,0.0,0.0,0.0,0.0,0.0,0.0,2011-07-01,0.2417876954603169,0.3244483716678672
0.2464857477432447,0.0,0.0,1.0,0.0,1.0,0.0,0.0,0.0,0.0,0.0,0.0,0.0,0.0,0.0,0.0,2011-08-01,0.25674125261000225,0.16475520211637312
0.1861122828615462,1.0,0.0,1.0,0.0,1.0,0.0,0.0,0.0,0.0,0.0,0.0,0.0,0.0,0.0,0.0,2011-08-01,0.2719461552268767,0.2464857477432447
0.231435240543191,0.0,0.0,1.0,0.0,0.0,0.0,0.0,0.0,0.0,0.0,0.0,0.0,0.0,0.0,1.0,2011-09-01,0.23217155565453315,0.1861122828615462
0.1919799106410174,1.0,0.0,1.0,0.0,0.0,0.0,0.0,0.0,0.0,0.0,0.0,0.0,0.0,0.0,1.0,2011-09-01,0.24381348047684695,0.231435240543191
0.19263698980704635,0.0,0.0,1.0,0.0,0.0,0.0,0.0,0.0,0.0,0.0,0.0,0.0,0.0,1.0,0.0,2011-10-01,0.22078648677732907,0.1919799106410174
0.18454063956177513,1.0,0.0,1.0,0.0,0.0,0.0,0.0,0.0,0.0,0.0,0.0,0.0,0.0,1.0,0.0,2011-10-01,0.22011441518740313,0.19263698980704635
0.21232364052042083,0.0,0.0,1.0,0.0,0.0,0.0,0.0,0.0,0.0,0.0,0.0,0.0,1.0,0.0,0.0,2011-11-01,0.21194184612214337,0.18454063956177513
0.16644550408296102,1.0,0.0,1.0,0.0,0.0,0.0,0.0,0.0,0.0,0.0,0.0,0.0,1.0,0.0,0.0,2011-11-01,0.2010227341227552,0.21232364052042083
0.17498866341737704,0.0,0.0,1.0,0.0,0.0,1.0,0.0,0.0,0.0,0.0,0.0,0.0,0.0,0.0,0.0,2011-12-01,0.19347589523255368,0.16644550408296102
0.10719951742692596,1.0,0.0,1.0,0.0,0.0,1.0,0.0,0.0,0.0,0.0,0.0,0.0,0.0,0.0,0.0,2011-12-01,0.16040301481026212,0.17498866341737704
0.24497503499050347,0.0,0.0,1.0,0.0,0.0,0.0,0.0,1.0,0.0,0.0,0.0,0.0,0.0,0.0,0.0,2012-01-01,0.17436551800548708,0.10719951742692596
0.1379302648954629,1.0,0.0,1.0,0.0,0.0,0.0,0.0,1.0,0.0,0.0,0.0,0.0,0.0,0.0,0.0,2012-01-01,0.16217173195959997,0.24497503499050347
0.2340298792964803,0.0,0.0,1.0,0.0,0.0,0.0,1.0,0.0,0.0,0.0,0.0,0.0,0.0,0.0,0.0,2012-02-01,0.1874191426365707,0.1379302648954629
0.16364230033422097,1.0,0.0,1.0,0.0,0.0,0.0,1.0,0.0,0.0,0.0,0.0,0.0,0.0,0.0,0.0,2012-02-01,0.21155540234249506,0.2340298792964803
0.27638897898019865,0.0,0.0,1.0,0.0,0.0,0.0,0.0,0.0,0.0,0.0,1.0,0.0,0.0,0.0,0.0,2012-03-01,0.224988742646923,0.16364230033422097
0.17658033926416822,1.0,0.0,1.0,0.0,0.0,0.0,0.0,0.0,0.0,0.0,1.0,0.0,0.0,0.0,0.0,2012-03-01,0.2415164222645024,0.27638897898019865
0.3286127734975506,0.0,0.0,1.0,0.0,0.0,0.0,0.0,0.0,0.0,0.0,0.0,0.0,0.0,0.0,0.0,2012-04-01,0.28196228939909307,0.17658033926416822
0.17548383956430755,1.0,0.0,1.0,0.0,0.0,0.0,0.0,0.0,0.0,0.0,0.0,0.0,0.0,0.0,0.0,2012-04-01,0.287026009709353,0.3286127734975506
0.26971730006264294,0.0,0.0,1.0,0.0,0.0,0.0,0.0,0.0,0.0,0.0,0.0,1.0,0.0,0.0,0.0,2012-05-01,0.28417304309902214,0.17548383956430755
0.21372964313064605,1.0,0.0,1.0,0.0,0.0,0.0,0.0,0.0,0.0,0.0,0.0,1.0,0.0,0.0,0.0,2012-05-01,0.30005895799957394,0.26971730006264294
0.26662236088613933,0.0,0.0,1.0,0.0,0.0,0.0,0.0,0.0,0.0,1.0,0.0,0.0,0.0,0.0,0.0,2012-06-01,0.2735504015287865,0.21372964313064605
0.17694800029527988,1.0,0.0,1.0,0.0,0.0,0.0,0.0,0.0,0.0,1.0,0.0,0.0,0.0,0.0,0.0,2012-06-01,0.2741765110477308,0.26662236088613933
0.28700488038641486,0.0,0.0,1.0,0.0,0.0,0.0,0.0,0.0,1.0,0.0,0.0,0.0,0.0,0.0,0.0,2012-07-01,0.28156908644690826,0.17694800029527988
0.17613976891954952,1.0,0.0,1.0,0.0,0.0,0.0,0.0,0.0,1.0,0.0,0.0,0.0,0.0,0.0,0.0,2012-07-01,0.2654947733188292,0.28700488038641486
0.17299250039330655,0.0,0.0,1.0,0.0,1.0,0.0,0.0,0.0,0.0,0.0,0.0,0.0,0.0,0.0,0.0,2012-08-01,0.22545644578284943,0.17613976891954952
0.14846439543413575,1.0,0.0,1.0,0.0,1.0,0.0,0.0,0.0,0.0,0.0,0.0,0.0,0.0,0.0,0.0,2012-08-01,0.21327618731794215,0.17299250039330655
0.17221852379727082,0.0,0.0,1.0,0.0,0.0,0.0,0.0,0.0,0.0,0.0,0.0,0.0,0.0,0.0,1.0,2012-09-01,0.16419084512489548,0.14846439543413575
0.1726689986936889,1.0,0.0,1.0,0.0,0.0,0.0,0.0,0.0,0.0,0.0,0.0,0.0,0.0,0.0,1.0,2012-09-01,0.1627066622544556,0.17221852379727082
0.23827591180161317,0.0,0.0,1.0,0.0,0.0,0.0,0.0,0.0,0.0,0.0,0.0,0.0,0.0,1.0,0.0,2012-10-01,0.19062338235714107,0.1726689986936889
0.216114584356275,1.0,0.0,1.0,0.0,0.0,0.0,0.0,0.0,0.0,0.0,0.0,0.0,0.0,1.0,0.0,2012-10-01,0.2195521921158917,0.23827591180161317
0.16096594569068,0.0,0.0,1.0,0.0,0.0,0.0,0.0,0.0,0.0,0.0,0.0,0.0,1.0,0.0,0.0,2012-11-01,0.21474032541562713,0.216114584356275
0.2289781816770558,1.0,0.0,1.0,0.0,0.0,0.0,0.0,0.0,0.0,0.0,0.0,0.0,1.0,0.0,0.0,2012-11-01,0.238819454656069,0.16096594569068
0.14077694625727952,0.0,0.0,1.0,0.0,0.0,1.0,0.0,0.0,0.0,0.0,0.0,0.0,0.0,0.0,0.0,2012-12-01,0.1971266069220701,0.2289781816770558
0.13624390951303103,1.0,0.0,1.0,0.0,0.0,1.0,0.0,0.0,0.0,0.0,0.0,0.0,0.0,0.0,0.0,2012-12-01,0.16297203034723554,0.14077694625727952
0.2127263774563485,0.0,0.0,1.0,0.0,0.0,0.0,0.0,1.0,0.0,0.0,0.0,0.0,0.0,0.0,0.0,2013-01-01,0.18510600672538255,0.13624390951303103
0.1525248999998308,1.0,0.0,1.0,0.0,0.0,0.0,0.0,1.0,0.0,0.0,0.0,0.0,0.0,0.0,0.0,2013-01-01,0.1524127877364728,0.2127263774563485
0.25074165534805637,0.0,0.0,1.0,0.0,0.0,0.0,1.0,0.0,0.0,0.0,0.0,0.0,0.0,0.0,0.0,2013-02-01,0.1994362802077905,0.1525248999998308
0.17869397462363903,1.0,0.0,1.0,0.0,0.0,0.0,1.0,0.0,0.0,0.0,0.0,0.0,0.0,0.0,0.0,2013-02-01,0.21758892512123987,0.25074165534805637
0.21464436041541518,0.0,0.0,1.0,0.0,0.0,0.0,0.0,0.0,0.0,0.0,1.0,0.0,0.0,0.0,0.0,2013-03-01,0.2184090996843475,0.17869397462363903
0.15864660454762314,1.0,0.0,1.0,0.0,0.0,0.0,0.0,0.0,0.0,0.0,1.0,0.0,0.0,0.0,0.0,2013-03-01,0.22102688433630444,0.21464436041541518
0.3656998587775923,0.0,0.0,1.0,0.0,0.0,0.0,0.0,0.0,0.0,0.0,0.0,0.0,0.0,0.0,0.0,2013-04-01,0.2701857122746616,0.15864660454762314
0.20940027683210496,1.0,0.0,1.0,0.0,0.0,0.0,0.0,0.0,0.0,0.0,0.0,0.0,0.0,0.0,0.0,2013-04-01,0.283316448332262,0.3656998587775923
0.41448570451224404,0.0,0.0,1.0,0.0,0.0,0.0,0.0,0.0,0.0,0.0,0.0,1.0,0.0,0.0,0.0,2013-05-01,0.36877330096520755,0.20940027683210496
0.24164430959794095,1.0,0.0,1.0,0.0,0.0,0.0,0.0,0.0,0.0,0.0,0.0,1.0,0.0,0.0,0.0,2013-05-01,0.40426506910464266,0.41448570451224404
0.22611148740296613,0.0,0.0,1.0,0.0,0.0,0.0,0.0,0.0,0.0,1.0,0.0,0.0,0.0,0.0,0.0,2013-06-01,0.34457380283666517,0.24164430959794095
0.1724583787256124,1.0,0.0,1.0,0.0,0.0,0.0,0.0,0.0,0.0,1.0,0.0,0.0,0.0,0.0,0.0,2013-06-01,0.3287765795106541,0.22611148740296613
0.31634305030667115,0.0,0.0,1.0,0.0,0.0,0.0,0.0,0.0,1.0,0.0,0.0,0.0,0.0,0.0,0.0,2013-07-01,0.2868084753860739,0.1724583787256124
0.18620577331690583,1.0,0.0,1.0,0.0,0.0,0.0,0.0,0.0,1.0,0.0,0.0,0.0,0.0,0.0,0.0,2013-07-01,0.26310165512540185,0.31634305030667115
0.22699590945112977,0.0,0.0,1.0,0.0,1.0,0.0,0.0,0.0,0.0,0.0,0.0,0.0,0.0,0.0,0.0,2013-08-01,0.2634798547666064,0.18620577331690583
0.173895906885693,1.0,0.0,1.0,0.0,1.0,0.0,0.0,0.0,0.0,0.0,0.0,0.0,0.0,0.0,0.0,2013-08-01,0.26409457557268845,0.22699590945112977
0.17552622509275345,0.0,0.0,1.0,0.0,0.0,0.0,0.0,0.0,0.0,0.0,0.0,0.0,0.0,0.0,1.0,2013-09-01,0.20387799358896078,0.173895906885693
0.17496740880370087,1.0,0.0,1.0,0.0,0.0,0.0,0.0,0.0,0.0,0.0,0.0,0.0,0.0,0.0,1.0,2013-09-01,0.19907220495507863,0.17552622509275345
0.183584208256909,0.0,0.0,1.0,0.0,0.0,0.0,0.0,0.0,0.0,0.0,0.0,0.0,0.0,1.0,0.0,2013-10-01,0.1805083418652543,0.17496740880370087
0.20730418904606826,1.0,0.0,1.0,0.0,0.0,0.0,0.0,0.0,0.0,0.0,0.0,0.0,0.0,1.0,0.0,2013-10-01,0.19479450801471612,0.183584208256909
0.17278120538262667,0.0,0.0,1.0,0.0,0.0,0.0,0.0,0.0,0.0,0.0,0.0,0.0,1.0,0.0,0.0,2013-11-01,0.19362067311131806,0.20730418904606826
0.20022101531001296,1.0,0.0,1.0,0.0,0.0,0.0,0.0,0.0,0.0,0.0,0.0,0.0,1.0,0.0,0.0,2013-11-01,0.20441970841311544,0.17278120538262667
0.15851513106680004,0.0,0.0,1.0,0.0,0.0,1.0,0.0,0.0,0.0,0.0,0.0,0.0,0.0,0.0,0.0,2013-12-01,0.19369958218117292,0.20022101531001296
0.14567072749664556,1.0,0.0,1.0,0.0,0.0,1.0,0.0,0.0,0.0,0.0,0.0,0.0,0.0,0.0,0.0,2013-12-01,0.16734366636860057,0.15851513106680004
0.1357206156229423,0.0,0.0,1.0,0.0,0.0,0.0,0.0,1.0,0.0,0.0,0.0,0.0,0.0,0.0,0.0,2014-01-01,0.15149568770384106,0.14567072749664556
0.1933702286226082,1.0,0.0,1.0,0.0,0.0,0.0,0.0,1.0,0.0,0.0,0.0,0.0,0.0,0.0,0.0,2014-01-01,0.14856613040421826,0.1357206156229423
0.19183502741335248,0.0,0.0,1.0,0.0,0.0,0.0,1.0,0.0,0.0,0.0,0.0,0.0,0.0,0.0,0.0,2014-02-01,0.1628145007036729,0.1933702286226082
0.16129221314076642,1.0,0.0,1.0,0.0,0.0,0.0,1.0,0.0,0.0,0.0,0.0,0.0,0.0,0.0,0.0,2014-02-01,0.16949461488440257,0.19183502741335248
0.20794326236366711,0.0,0.0,1.0,0.0,0.0,0.0,0.0,0.0,0.0,0.0,1.0,0.0,0.0,0.0,0.0,2014-03-01,0.20037871500481083,0.16129221314076642
0.20798361019806472,1.0,0.0,1.0,0.0,0.0,0.0,0.0,0.0,0.0,0.0,1.0,0.0,0.0,0.0,0.0,2014-03-01,0.20662774020731198,0.20794326236366711
0.28456521044495764,0.0,0.0,1.0,0.0,0.0,0.0,0.0,0.0,0.0,0.0,0.0,0.0,0.0,0.0,0.0,2014-04-01,0.2462813445291401,0.20798361019806472
0.24460129543440165,1.0,0.0,1.0,0.0,0.0,0.0,0.0,0.0,0.0,0.0,0.0,0.0,0.0,0.0,0.0,2014-04-01,0.2819062648914832,0.28456521044495764
0.3321925723321923,0.0,0.0,1.0,0.0,0.0,0.0,0.0,0.0,0.0,0.0,0.0,1.0,0.0,0.0,0.0,2014-05-01,0.3350381882165221,0.24460129543440165
0.2264902946872803,1.0,0.0,1.0,0.0,0.0,0.0,0.0,0.0,0.0,0.0,0.0,1.0,0.0,0.0,0.0,2014-05-01,0.34295208119130627,0.3321925723321923
0.3282261614012861,0.0,0.0,1.0,0.0,0.0,0.0,0.0,0.0,0.0,1.0,0.0,0.0,0.0,0.0,0.0,2014-06-01,0.36162252933381567,0.2264902946872803
0.2029726758842853,1.0,0.0,1.0,0.0,0.0,0.0,0.0,0.0,0.0,1.0,0.0,0.0,0.0,0.0,0.0,2014-06-01,0.3438211538362431,0.3282261614012861
0.3275584649421401,0.0,0.0,1.0,0.0,0.0,0.0,0.0,0.0,1.0,0.0,0.0,0.0,0.0,0.0,0.0,2014-07-01,0.34183950066979396,0.2029726758842853
0.20108757287992518,1.0,0.0,1.0,0.0,0.0,0.0,0.0,0.0,1.0,0.0,0.0,0.0,0.0,0.0,0.0,2014-07-01,0.33097670016283265,0.3275584649421401
0.26493779854880767,0.0,0.0,1.0,0.0,1.0,0.0,0.0,0.0,0.0,0.0,0.0,0.0,0.0,0.0,0.0,2014-08-01,0.303913109682556,0.20108757287992518
0.21096117442751333,1.0,0.0,1.0,0.0,1.0,0.0,0.0,0.0,0.0,0.0,0.0,0.0,0.0,0.0,0.0,2014-08-01,0.3073291792944396,0.26493779854880767
0.19211355336869404,0.0,0.0,1.0,0.0,0.0,0.0,0.0,0.0,0.0,0.0,0.0,0.0,0.0,0.0,1.0,2014-09-01,0.24940975375952093,0.21096117442751333
0.22835820118748348,1.0,0.0,1.0,0.0,0.0,0.0,0.0,0.0,0.0,0.0,0.0,0.0,0.0,0.0,1.0,2014-09-01,0.261071314959578,0.19211355336869404
0.1626762892362716,0.0,0.0,1.0,0.0,0.0,0.0,0.0,0.0,0.0,0.0,0.0,0.0,0.0,1.0,0.0,2014-10-01,0.21734189164710407,0.22835820118748348
0.21687482094902363,1.0,0.0,1.0,0.0,0.0,0.0,0.0,0.0,0.0,0.0,0.0,0.0,0.0,1.0,0.0,2014-10-01,0.21987070580013132,0.1626762892362716
0.10241699608899518,0.0,0.0,1.0,0.0,0.0,0.0,0.0,0.0,0.0,0.0,0.0,0.0,1.0,0.0,0.0,2014-11-01,0.18151435110397904,0.21687482094902363
0.2348244307512495,1.0,0.0,1.0,0.0,0.0,0.0,0.0,0.0,0.0,0.0,0.0,0.0,1.0,0.0,0.0,2014-11-01,0.18427946274501064,0.10241699608899518
0.155716093418688,0.0,0.0,1.0,0.0,0.0,1.0,0.0,0.0,0.0,0.0,0.0,0.0,0.0,0.0,0.0,2014-12-01,0.18130311953150882,0.2348244307512495
0.1951271622813779,1.0,0.0,1.0,0.0,0.0,1.0,0.0,0.0,0.0,0.0,0.0,0.0,0.0,0.0,0.0,2014-12-01,0.17200330987364285,0.155716093418688
0.2194805050329156,0.0,0.0,1.0,0.0,0.0,0.0,0.0,1.0,0.0,0.0,0.0,0.0,0.0,0.0,0.0,2015-01-01,0.22206241589961587,0.1951271622813779
0.20013904573882949,1.0,0.0,1.0,0.0,0.0,0.0,0.0,1.0,0.0,0.0,0.0,0.0,0.0,0.0,0.0,2015-01-01,0.20723013057387682,0.2194805050329156
0.26880087534027075,0.0,0.0,1.0,0.0,0.0,0.0,1.0,0.0,0.0,0.0,0.0,0.0,0.0,0.0,0.0,2015-02-01,0.255587839472287,0.20013904573882949
0.18698641276800382,1.0,0.0,1.0,0.0,0.0,0.0,1.0,0.0,0.0,0.0,0.0,0.0,0.0,0.0,0.0,2015-02-01,0.2521066637694803,0.26880087534027075
0.290564184864786,0.0,0.0,1.0,0.0,0.0,0.0,0.0,0.0,0.0,0.0,1.0,0.0,0.0,0.0,0.0,2015-03-01,0.28250371488747283,0.18698641276800382
0.2514732189270003,1.0,0.0,1.0,0.0,0.0,0.0,0.0,0.0,0.0,0.0,1.0,0.0,0.0,0.0,0.0,2015-03-01,0.30445541308587,0.290564184864786
0.31631691606565937,0.0,0.0,1.0,0.0,0.0,0.0,0.0,0.0,0.0,0.0,0.0,0.0,0.0,0.0,0.0,2015-04-01,0.3247743881624342,0.2514732189270003
0.2409442688199878,1.0,0.0,1.0,0.0,0.0,0.0,0.0,0.0,0.0,0.0,0.0,0.0,0.0,0.0,0.0,2015-04-01,0.3478480347787716,0.31631691606565937
0.34642159509495524,0.0,0.0,1.0,0.0,0.0,0.0,0.0,0.0,0.0,0.0,0.0,1.0,0.0,0.0,0.0,2015-05-01,0.37173397537865416,0.2409442688199878
0.2068769491239133,1.0,0.0,1.0,0.0,0.0,0.0,0.0,0.0,0.0,0.0,0.0,1.0,0.0,0.0,0.0,2015-05-01,0.35266356292839096,0.34642159509495524
0.3518444471596856,0.0,0.0,1.0,0.0,0.0,0.0,0.0,0.0,0.0,1.0,0.0,0.0,0.0,0.0,0.0,2015-06-01,0.36785596969905165,0.2068769491239133
0.2204035831856714,1.0,0.0,1.0,0.0,0.0,0.0,0.0,0.0,0.0,1.0,0.0,0.0,0.0,0.0,0.0,2015-06-01,0.3590722900597627,0.3518444471596856
0.28337107618002605,0.0,0.0,1.0,0.0,0.0,0.0,0.0,0.0,1.0,0.0,0.0,0.0,0.0,0.0,0.0,2015-07-01,0.3321104072336888,0.2204035831856714
0.26159246568983363,1.0,0.0,1.0,0.0,0.0,0.0,0.0,0.0,1.0,0.0,0.0,0.0,0.0,0.0,0.0,2015-07-01,0.35550804728180496,0.28337107618002605
0.21467637565586184,0.0,0.0,1.0,0.0,1.0,0.0,0.0,0.0,0.0,0.0,0.0,0.0,0.0,0.0,0.0,2015-08-01,0.2968517580868725,0.26159246568983363
0.2299028235410663,1.0,0.0,1.0,0.0,1.0,0.0,0.0,0.0,0.0,0.0,0.0,0.0,0.0,0.0,0.0,2015-08-01,0.300913856382121,0.21467637565586184
0.2133006243004088,0.0,0.0,1.0,0.0,0.0,0.0,0.0,0.0,0.0,0.0,0.0,0.0,0.0,0.0,1.0,2015-09-01,0.27095008533533005,0.2299028235410663
0.26322402402751743,1.0,0.0,1.0,0.0,0.0,0.0,0.0,0.0,0.0,0.0,0.0,0.0,0.0,0.0,1.0,2015-09-01,0.27164777800275897,0.2133006243004088
0.16768164178416103,0.0,0.0,1.0,0.0,0.0,0.0,0.0,0.0,0.0,0.0,0.0,0.0,0.0,1.0,0.0,2015-10-01,0.2515517259813487,0.26322402402751743
0.24503863154348715,1.0,0.0,1.0,0.0,0.0,0.0,0.0,0.0,0.0,0.0,0.0,0.0,0.0,1.0,0.0,2015-10-01,0.2580241529948335,0.16768164178416103
0.22942559708718935,0.0,0.0,1.0,0.0,0.0,0.0,0.0,0.0,0.0,0.0,0.0,0.0,1.0,0.0,0.0,2015-11-01,0.26491957010373013,0.24503863154348715
0.2522579647890953,1.0,0.0,1.0,0.0,0.0,0.0,0.0,0.0,0.0,0.0,0.0,0.0,1.0,0.0,0.0,2015-11-01,0.2602302256012835,0.22942559708718935
0.20040876236856184,0.0,0.0,1.0,0.0,0.0,1.0,0.0,0.0,0.0,0.0,0.0,0.0,0.0,0.0,0.0,2015-12-01,0.2742251110616549,0.2522579647890953
0.1870380631481904,1.0,0.0,1.0,0.0,0.0,1.0,0.0,0.0,0.0,0.0,0.0,0.0,0.0,0.0,0.0,2015-12-01,0.2494227056916111,0.20040876236856184
0.2363030670031333,0.0,0.0,1.0,0.0,0.0,0.0,0.0,1.0,0.0,0.0,0.0,0.0,0.0,0.0,0.0,2016-01-01,0.2523636733664961,0.1870380631481904
0.19832461133064364,1.0,0.0,1.0,0.0,0.0,0.0,0.0,1.0,0.0,0.0,0.0,0.0,0.0,0.0,0.0,2016-01-01,0.22930050463467308,0.2363030670031333
0.27554422029915066,0.0,0.0,1.0,0.0,0.0,0.0,1.0,0.0,0.0,0.0,0.0,0.0,0.0,0.0,0.0,2016-02-01,0.26143019123632116,0.19832461133064364
0.2386985846816055,1.0,0.0,1.0,0.0,0.0,0.0,1.0,0.0,0.0,0.0,0.0,0.0,0.0,0.0,0.0,2016-02-01,0.28352144365245324,0.27554422029915066
0.28343489303487157,0.0,0.0,1.0,0.0,0.0,0.0,0.0,0.0,0.0,0.0,1.0,0.0,0.0,0.0,0.0,2016-03-01,0.3036761195015324,0.2386985846816055
0.2918671290074166,1.0,0.0,1.0,0.0,0.0,0.0,0.0,0.0,0.0,0.0,1.0,0.0,0.0,0.0,0.0,2016-03-01,0.34367709719784656,0.28343489303487157
0.30255774730195295,0.0,0.0,1.0,0.0,0.0,0.0,0.0,0.0,0.0,0.0,0.0,0.0,0.0,0.0,0.0,2016-04-01,0.3552287158411642,0.2918671290074166
0.26944250196037534,1.0,0.0,1.0,0.0,0.0,0.0,0.0,0.0,0.0,0.0,0.0,0.0,0.0,0.0,0.0,2016-04-01,0.36837553698633374,0.30255774730195295
0.34526767711161604,0.0,0.0,1.0,0.0,0.0,0.0,0.0,0.0,0.0,0.0,0.0,1.0,0.0,0.0,0.0,2016-05-01,0.39481668779330015,0.26944250196037534
0.297832774622221,1.0,0.0,1.0,0.0,0.0,0.0,0.0,0.0,0.0,0.0,0.0,1.0,0.0,0.0,0.0,2016-05-01,0.3973677379799807,0.34526767711161604
0.23991881156188513,0.0,0.0,1.0,0.0,0.0,0.0,0.0,0.0,0.0,1.0,0.0,0.0,0.0,0.0,0.0,2016-06-01,0.37058185778679165,0.297832774622221
0.2431976199343962,1.0,0.0,1.0,0.0,0.0,0.0,0.0,0.0,0.0,1.0,0.0,0.0,0.0,0.0,0.0,2016-06-01,0.35935892978958783,0.23991881156188513
0.17877498916072623,0.0,0.0,1.0,0.0,0.0,0.0,0.0,0.0,1.0,0.0,0.0,0.0,0.0,0.0,0.0,2016-07-01,0.2881627458218282,0.2431976199343962
0.28199265724783945,1.0,0.0,1.0,0.0,0.0,0.0,0.0,0.0,1.0,0.0,0.0,0.0,0.0,0.0,0.0,2016-07-01,0.28138913957799105,0.17877498916072623
0.23597041826025722,0.0,0.0,1.0,0.0,1.0,0.0,0.0,0.0,0.0,0.0,0.0,0.0,0.0,0.0,0.0,2016-08-01,0.2797007138618858,0.28199265724783945
0.3013233955773441,1.0,0.0,1.0,0.0,1.0,0.0,0.0,0.0,0.0,0.0,0.0,0.0,0.0,0.0,0.0,2016-08-01,0.3045566607919079,0.23597041826025722
0.25013990375764056,0.0,0.0,1.0,0.0,0.0,0.0,0.0,0.0,0.0,0.0,0.0,0.0,0.0,0.0,1.0,2016-09-01,0.33507397450110854,0.3013233955773441
0.2616745833070098,1.0,0.0,1.0,0.0,0.0,0.0,0.0,0.0,0.0,0.0,0.0,0.0,0.0,0.0,1.0,2016-09-01,0.3263854888506845,0.25013990375764056
0.25134551806647437,0.0,0.0,1.0,0.0,0.0,0.0,0.0,0.0,0.0,0.0,0.0,0.0,0.0,1.0,0.0,2016-10-01,0.3329602426599868,0.2616745833070098
0.2244054984515742,1.0,0.0,1.0,0.0,0.0,0.0,0.0,0.0,0.0,0.0,0.0,0.0,0.0,1.0,0.0,2016-10-01,0.30006834319233655,0.25134551806647437
0.2698339339943444,0.0,0.0,1.0,0.0,0.0,0.0,0.0,0.0,0.0,0.0,0.0,0.0,1.0,0.0,0.0,2016-11-01,0.3084899730972642,0.2244054984515742
0.30156799779482624,1.0,0.0,1.0,0.0,0.0,0.0,0.0,0.0,0.0,0.0,0.0,0.0,1.0,0.0,0.0,2016-11-01,0.3255493341534954,0.2698339339943444
0.2319868296745513,0.0,0.0,1.0,0.0,0.0,1.0,0.0,0.0,0.0,0.0,0.0,0.0,0.0,0.0,0.0,2016-12-01,0.31727110429794503,0.30156799779482624
0.23231272995486796,1.0,0.0,1.0,0.0,0.0,1.0,0.0,0.0,0.0,0.0,0.0,0.0,0.0,0.0,0.0,2016-12-01,0.32065242221474277,0.2319868296745513
0.2253123787234078,0.0,0.0,1.0,0.0,0.0,0.0,0.0,1.0,0.0,0.0,0.0,0.0,0.0,0.0,0.0,2017-01-01,0.3016139594533309,0.23231272995486796
0.24393951767340488,1.0,0.0,1.0,0.0,0.0,0.0,0.0,1.0,0.0,0.0,0.0,0.0,0.0,0.0,0.0,2017-01-01,0.2769706677688496,0.2253123787234078
0.26056743372035196,0.0,0.0,1.0,0.0,0.0,0.0,1.0,0.0,0.0,0.0,0.0,0.0,0.0,0.0,0.0,2017-02-01,0.28919240536344437,0.24393951767340488
0.26641368004568106,1.0,0.0,1.0,0.0,0.0,0.0,1.0,0.0,0.0,0.0,0.0,0.0,0.0,0.0,0.0,2017-02-01,0.30377477258942776,0.26056743372035196
0.2695947517524366,0.0,0.0,1.0,0.0,0.0,0.0,0.0,0.0,0.0,0.0,1.0,0.0,0.0,0.0,0.0,2017-03-01,0.32271095540625905,0.26641368004568106
0.31153563760721653,1.0,0.0,1.0,0.0,0.0,0.0,0.0,0.0,0.0,0.0,1.0,0.0,0.0,0.0,0.0,2017-03-01,0.351616643995622,0.2695947517524366
0.2812589326686358,0.0,0.0,1.0,0.0,0.0,0.0,0.0,0.0,0.0,0.0,0.0,0.0,0.0,0.0,0.0,2017-04-01,0.36046481495028415,0.31153563760721653
0.2884550709948648,1.0,0.0,1.0,0.0,0.0,0.0,0.0,0.0,0.0,0.0,0.0,0.0,0.0,0.0,0.0,2017-04-01,0.36989023143095445,0.2812589326686358
0.2599696542392633,0.0,0.0,1.0,0.0,0.0,0.0,0.0,0.0,0.0,0.0,0.0,1.0,0.0,0.0,0.0,2017-05-01,0.365774313658892,0.2884550709948648
0.3120739595399985,1.0,0.0,1.0,0.0,0.0,0.0,0.0,0.0,0.0,0.0,0.0,1.0,0.0,0.0,0.0,2017-05-01,0.3660045127615189,0.2599696542392633
0.26050979709848626,0.0,0.0,1.0,0.0,0.0,0.0,0.0,0.0,0.0,1.0,0.0,0.0,0.0,0.0,0.0,2017-06-01,0.357131695033571,0.3120739595399985
0.31246920307106396,1.0,0.0,1.0,0.0,0.0,0.0,0.0,0.0,0.0,1.0,0.0,0.0,0.0,0.0,0.0,2017-06-01,0.36740070195613006,0.26050979709848626
0.25047245511217126,0.0,0.0,1.0,0.0,0.0,0.0,0.0,0.0,1.0,0.0,0.0,0.0,0.0,0.0,0.0,2017-07-01,0.36333947653804843,0.31246920307106396
0.2989672231830854,1.0,0.0,1.0,0.0,0.0,0.0,0.0,0.0,1.0,0.0,0.0,0.0,0.0,0.0,0.0,2017-07-01,0.35773472821925767,0.25047245511217126
0.26567529810447826,0.0,0.0,1.0,0.0,1.0,0.0,0.0,0.0,0.0,0.0,0.0,0.0,0.0,0.0,0.0,2017-08-01,0.35994361777731876,0.2989672231830854
0.2977561653369808,1.0,0.0,1.0,0.0,1.0,0.0,0.0,0.0,0.0,0.0,0.0,0.0,0.0,0.0,0.0,2017-08-01,0.3536519772606531,0.26567529810447826
0.23075017479411408,0.0,0.0,1.0,0.0,0.0,0.0,0.0,0.0,0.0,0.0,0.0,0.0,0.0,0.0,1.0,2017-09-01,0.34521826695739777,0.2977561653369808
0.3352575626290282,1.0,0.0,1.0,0.0,0.0,0.0,0.0,0.0,0.0,0.0,0.0,0.0,0.0,0.0,1.0,2017-09-01,0.36073686849627074,0.23075017479411408
0.27244005161345114,0.0,0.0,1.0,0.0,0.0,0.0,0.0,0.0,0.0,0.0,0.0,0.0,0.0,1.0,0.0,2017-10-01,0.36362963598803855,0.3352575626290282
0.3515274799038845,1.0,0.0,1.0,0.0,0.0,0.0,0.0,0.0,0.0,0.0,0.0,0.0,0.0,1.0,0.0,2017-10-01,0.386623513083847,0.27244005161345114
0.3259847093362818,0.0,0.0,1.0,0.0,0.0,0.0,0.0,0.0,0.0,0.0,0.0,0.0,1.0,0.0,0.0,2017-11-01,0.4273480369340964,0.3515274799038845
0.31483396370368016,1.0,0.0,1.0,0.0,0.0,0.0,0.0,0.0,0.0,0.0,0.0,0.0,1.0,0.0,0.0,2017-11-01,0.41861442632170887,0.3259847093362818
0.21854051665061477,0.0,0.0,1.0,0.0,0.0,1.0,0.0,0.0,0.0,0.0,0.0,0.0,0.0,0.0,0.0,2017-12-01,0.3955657191729438,0.31483396370368016
0.21171957517141327,1.0,0.0,1.0,0.0,0.0,1.0,0.0,0.0,0.0,0.0,0.0,0.0,0.0,0.0,0.0,2017-12-01,0.33578057528472627,0.21854051665061477
0.25816081337781566,0.0,0.0,1.0,0.0,0.0,0.0,0.0,1.0,0.0,0.0,0.0,0.0,0.0,0.0,0.0,2018-01-01,0.3067774843171909,0.21171957517141327
0.2845423190787678,1.0,0.0,1.0,0.0,0.0,0.0,0.0,1.0,0.0,0.0,0.0,0.0,0.0,0.0,0.0,2018-01-01,0.2938240655818444,0.25816081337781566
0.2642956732061282,0.0,0.0,1.0,0.0,0.0,0.0,1.0,0.0,0.0,0.0,0.0,0.0,0.0,0.0,0.0,2018-02-01,0.31339004522751424,0.2845423190787678
0.3102903096663146,1.0,0.0,1.0,0.0,0.0,0.0,1.0,0.0,0.0,0.0,0.0,0.0,0.0,0.0,0.0,2018-02-01,0.3555412065386119,0.2642956732061282
0.29383729327022995,0.0,0.0,1.0,0.0,0.0,0.0,0.0,0.0,0.0,0.0,1.0,0.0,0.0,0.0,0.0,2018-03-01,0.3707973073139902,0.3102903096663146
0.35458536909810406,1.0,0.0,1.0,0.0,0.0,0.0,0.0,0.0,0.0,0.0,1.0,0.0,0.0,0.0,0.0,2018-03-01,0.40074936068170697,0.29383729327022995
0.31234531449302433,0.0,0.0,1.0,0.0,0.0,0.0,0.0,0.0,0.0,0.0,0.0,0.0,0.0,0.0,0.0,2018-04-01,0.42129651589164496,0.35458536909810406
0.36642922954798635,1.0,0.0,1.0,0.0,0.0,0.0,0.0,0.0,0.0,0.0,0.0,0.0,0.0,0.0,0.0,2018-04-01,0.4453028366306421,0.31234531449302433
0.29470742632757907,0.0,0.0,1.0,0.0,0.0,0.0,0.0,0.0,0.0,0.0,0.0,1.0,0.0,0.0,0.0,2018-05-01,0.4456749259637528,0.36642922954798635
0.3692585930629093,1.0,0.0,1.0,0.0,0.0,0.0,0.0,0.0,0.0,0.0,0.0,1.0,0.0,0.0,0.0,2018-05-01,0.4519495411775245,0.29470742632757907
0.2497924692648498,0.0,0.0,1.0,0.0,0.0,0.0,0.0,0.0,0.0,1.0,0.0,0.0,0.0,0.0,0.0,2018-06-01,0.42520047530932525,0.3692585930629093
0.3596870697424381,1.0,0.0,1.0,0.0,0.0,0.0,0.0,0.0,0.0,1.0,0.0,0.0,0.0,0.0,0.0,2018-06-01,0.4223173694158253,0.2497924692648498
0.22184759434653128,0.0,0.0,1.0,0.0,0.0,0.0,0.0,0.0,1.0,0.0,0.0,0.0,0.0,0.0,0.0,2018-07-01,0.39116079392037273,0.3596870697424381
0.32792120393486246,1.0,0.0,1.0,0.0,0.0,0.0,0.0,0.0,1.0,0.0,0.0,0.0,0.0,0.0,0.0,2018-07-01,0.37348395539173174,0.22184759434653128
0.2250467147054655,0.0,0.0,1.0,0.0,1.0,0.0,0.0,0.0,0.0,0.0,0.0,0.0,0.0,0.0,0.0,2018-08-01,0.3629020895109273,0.32792120393486246
0.38896141573933984,1.0,0.0,1.0,0.0,1.0,0.0,0.0,0.0,0.0,0.0,0.0,0.0,0.0,0.0,0.0,2018-08-01,0.37542048745850587,0.2250467147054655
0.2203740792293718,0.0,0.0,1.0,0.0,0.0,0.0,0.0,0.0,0.0,0.0,0.0,0.0,0.0,0.0,1.0,2018-09-01,0.374790377784311,0.38896141573933984
0.3719470709846657,1.0,0.0,1.0,0.0,0.0,0.0,0.0,0.0,0.0,0.0,0.0,0.0,0.0,0.0,1.0,2018-09-01,0.39361687261958267,0.2203740792293718
0.32428518728517663,0.0,0.0,1.0,0.0,0.0,0.0,0.0,0.0,0.0,0.0,0.0,0.0,0.0,1.0,0.0,2018-10-01,0.436053574419656,0.3719470709846657
0.33850374433506963,1.0,0.0,1.0,0.0,0.0,0.0,0.0,0.0,0.0,0.0,0.0,0.0,0.0,1.0,0.0,2018-10-01,0.4144766889714324,0.32428518728517663
0.22690650223776565,0.0,0.0,1.0,0.0,0.0,0.0,0.0,0.0,0.0,0.0,0.0,0.0,1.0,0.0,0.0,2018-11-01,0.4172701064841464,0.33850374433506963
0.3336411069460764,1.0,0.0,1.0,0.0,0.0,0.0,0.0,0.0,0.0,0.0,0.0,0.0,1.0,0.0,0.0,2018-11-01,0.4008895765262287,0.22690650223776565
0.1616198668039942,0.0,0.0,1.0,0.0,0.0,1.0,0.0,0.0,0.0,0.0,0.0,0.0,0.0,0.0,0.0,2018-12-01,0.331330064786176,0.3336411069460764
0.28126614058427596,1.0,0.0,1.0,0.0,0.0,1.0,0.0,0.0,0.0,0.0,0.0,0.0,0.0,0.0,0.0,2018-12-01,0.30685392101872555,0.1616198668039942
0.22853470224831493,0.0,0.0,1.0,0.0,0.0,0.0,0.0,1.0,0.0,0.0,0.0,0.0,0.0,0.0,0.0,2019-01-01,0.307550177586591,0.28126614058427596
0.30399892320533956,1.0,0.0,1.0,0.0,0.0,0.0,0.0,1.0,0.0,0.0,0.0,0.0,0.0,0.0,0.0,2019-01-01,0.29487448357993207,0.22853470224831493
0.28349151571839976,0.0,0.0,1.0,0.0,0.0,0.0,1.0,0.0,0.0,0.0,0.0,0.0,0.0,0.0,0.0,2019-02-01,0.3469896631914453,0.30399892320533956
0.40096386407762946,1.0,0.0,1.0,0.0,0.0,0.0,1.0,0.0,0.0,0.0,0.0,0.0,0.0,0.0,0.0,2019-02-01,0.39817522123149895,0.28349151571839976
0.21838901219355134,0.0,0.0,1.0,0.0,0.0,0.0,0.0,0.0,0.0,0.0,1.0,0.0,0.0,0.0,0.0,2019-03-01,0.39383668586091325,0.40096386407762946
0.3722979183891878,1.0,0.0,1.0,0.0,0.0,0.0,0.0,0.0,0.0,0.0,1.0,0.0,0.0,0.0,0.0,2019-03-01,0.4230429404164089,0.21838901219355134
0.3227892284740599,0.0,0.0,1.0,0.0,0.0,0.0,0.0,0.0,0.0,0.0,0.0,0.0,0.0,0.0,0.0,2019-04-01,0.4398475654200573,0.3722979183891878
0.38259981149598266,1.0,0.0,1.0,0.0,0.0,0.0,0.0,0.0,0.0,0.0,0.0,0.0,0.0,0.0,0.0,2019-04-01,0.4319946651991047,0.3227892284740599
0.33343214061639603,0.0,0.0,1.0,0.0,0.0,0.0,0.0,0.0,0.0,0.0,0.0,1.0,0.0,0.0,0.0,2019-05-01,0.48118980905932895,0.38259981149598266
0.42084830816422586,1.0,0.0,1.0,0.0,0.0,0.0,0.0,0.0,0.0,0.0,0.0,1.0,0.0,0.0,0.0,2019-05-01,0.5019510960844362,0.33343214061639603
0.34568845131156906,0.0,0.0,1.0,0.0,0.0,0.0,0.0,0.0,0.0,1.0,0.0,0.0,0.0,0.0,0.0,2019-06-01,0.5117433416294113,0.42084830816422586
0.40968533636733423,1.0,0.0,1.0,0.0,0.0,0.0,0.0,0.0,0.0,1.0,0.0,0.0,0.0,0.0,0.0,2019-06-01,0.523325748252415,0.34568845131156906
0.33100977595559433,0.0,0.0,1.0,0.0,0.0,0.0,0.0,0.0,1.0,0.0,0.0,0.0,0.0,0.0,0.0,2019-07-01,0.5222898882266684,0.40968533636733423
0.4025189662811,1.0,0.0,1.0,0.0,0.0,0.0,0.0,0.0,1.0,0.0,0.0,0.0,0.0,0.0,0.0,2019-07-01,0.5144518311156924,0.33100977595559433
0.3044762776777672,0.0,0.0,1.0,0.0,1.0,0.0,0.0,0.0,0.0,0.0,0.0,0.0,0.0,0.0,0.0,2019-08-01,0.4968285376734668,0.4025189662811
0.35278837976997274,1.0,0.0,1.0,0.0,1.0,0.0,0.0,0.0,0.0,0.0,0.0,0.0,0.0,0.0,0.0,2019-08-01,0.4724980626299846,0.3044762776777672
0.2477169881458368,0.0,0.0,1.0,0.0,0.0,0.0,0.0,0.0,0.0,0.0,0.0,0.0,0.0,0.0,1.0,2019-09-01,0.4368801101716745,0.35278837976997274
0.40674058729792684,1.0,0.0,1.0,0.0,0.0,0.0,0.0,0.0,0.0,0.0,0.0,0.0,0.0,0.0,1.0,2019-09-01,0.4386853744764039,0.2477169881458368
0.3084224954494225,0.0,0.0,1.0,0.0,0.0,0.0,0.0,0.0,0.0,0.0,0.0,0.0,0.0,1.0,0.0,2019-10-01,0.4403728698847936,0.40674058729792684
0.42358683348542003,1.0,0.0,1.0,0.0,0.0,0.0,0.0,0.0,0.0,0.0,0.0,0.0,0.0,1.0,0.0,2019-10-01,0.47064795161597883,0.3084224954494225
0.2295932699730544,0.0,0.0,1.0,0.0,0.0,0.0,0.0,0.0,0.0,0.0,0.0,0.0,1.0,0.0,0.0,2019-11-01,0.46289782403325974,0.42358683348542003
0.4073148471009202,1.0,0.0,1.0,0.0,0.0,0.0,0.0,0.0,0.0,0.0,0.0,0.0,1.0,0.0,0.0,2019-11-01,0.46314339101330193,0.2295932699730544
0.207096743623894,0.0,0.0,1.0,0.0,0.0,1.0,0.0,0.0,0.0,0.0,0.0,0.0,0.0,0.0,0.0,2019-12-01,0.419814119581455,0.4073148471009202
0.30341849220135,1.0,0.0,1.0,0.0,0.0,1.0,0.0,0.0,0.0,0.0,0.0,0.0,0.0,0.0,0.0,2019-12-01,0.3684273143201645,0.207096743623894
0.23646009746340507,0.0,0.0,0.0,1.0,0.0,0.0,0.0,1.0,0.0,0.0,0.0,0.0,0.0,0.0,0.0,2020-01-01,0.3713637310438952,0.30341849220135
0.38814584764402865,1.0,0.0,0.0,1.0,0.0,0.0,0.0,1.0,0.0,0.0,0.0,0.0,0.0,0.0,0.0,2020-01-01,0.36316661663240046,0.23646009746340507
0.3116048245653788,0.0,0.0,0.0,1.0,0.0,0.0,1.0,0.0,0.0,0.0,0.0,0.0,0.0,0.0,0.0,2020-02-01,0.40785672674115314,0.38814584764402865
0.42262935015080727,1.0,0.0,0.0,1.0,0.0,0.0,1.0,0.0,0.0,0.0,0.0,0.0,0.0,0.0,0.0,2020-02-01,0.45883408963908134,0.3116048245653788
0.3422383914241965,0.0,0.0,0.0,1.0,0.0,0.0,0.0,0.0,0.0,0.0,1.0,0.0,0.0,0.0,0.0,2020-03-01,0.5040673726698033,0.42262935015080727
0.504725020784862,1.0,0.0,0.0,1.0,0.0,0.0,0.0,0.0,0.0,0.0,1.0,0.0,0.0,0.0,0.0,2020-03-01,0.5539193653302397,0.3422383914241965
0.3379477413125736,0.0,0.0,0.0,1.0,0.0,0.0,0.0,0.0,0.0,0.0,0.0,0.0,0.0,0.0,0.0,2020-04-01,0.5651842152768864,0.504725020784862
0.4677480381342648,1.0,0.0,0.0,1.0,0.0,0.0,0.0,0.0,0.0,0.0,0.0,0.0,0.0,0.0,0.0,2020-04-01,0.5844780260116961,0.3379477413125736
0.2712257917327984,0.0,0.0,0.0,1.0,0.0,0.0,0.0,0.0,0.0,0.0,0.0,1.0,0.0,0.0,0.0,2020-05-01,0.5541113704313083,0.4677480381342648
0.32582505174685544,1.0,0.0,0.0,1.0,0.0,0.0,0.0,0.0,0.0,0.0,0.0,1.0,0.0,0.0,0.0,2020-05-01,0.47760954164701097,0.2712257917327984
0.30475134752493394,0.0,0.0,0.0,1.0,0.0,0.0,0.0,0.0,0.0,1.0,0.0,0.0,0.0,0.0,0.0,2020-06-01,0.46341398394259015,0.32582505174685544
0.4463914545408869,1.0,0.0,0.0,1.0,0.0,0.0,0.0,0.0,0.0,1.0,0.0,0.0,0.0,0.0,0.0,2020-06-01,0.45428140717209864,0.30475134752493394
0.36097711307087027,0.0,0.0,0.0,1.0,0.0,0.0,0.0,0.0,1.0,0.0,0.0,0.0,0.0,0.0,0.0,2020-07-01,0.4926611802659159,0.4463914545408869
0.54485064992825,1.0,0.0,0.0,1.0,0.0,0.0,0.0,0.0,1.0,0.0,0.0,0.0,0.0,0.0,0.0,2020-07-01,0.5863216705474522,0.36097711307087027
0.3533285493324517,0.0,0.0,0.0,1.0,1.0,0.0,0.0,0.0,0.0,0.0,0.0,0.0,0.0,0.0,0.0,2020-08-01,0.6070944230274121,0.54485064992825
0.5732733874662497,1.0,0.0,0.0,1.0,1.0,0.0,0.0,0.0,0.0,0.0,0.0,0.0,0.0,0.0,0.0,2020-08-01,0.6613521177641544,0.3533285493324517
0.4930564043793055,0.0,0.0,0.0,1.0,0.0,0.0,0.0,0.0,0.0,0.0,0.0,0.0,0.0,0.0,1.0,2020-09-01,0.7178323250216672,0.5732733874662497
0.566444413804727,1.0,0.0,0.0,1.0,0.0,0.0,0.0,0.0,0.0,0.0,0.0,0.0,0.0,0.0,1.0,2020-09-01,0.7270663256521304,0.4930564043793055
0.3576600161562316,0.0,0.0,0.0,1.0,0.0,0.0,0.0,0.0,0.0,0.0,0.0,0.0,0.0,1.0,0.0,2020-10-01,0.728918562603984,0.566444413804727
0.6122562778658759,1.0,0.0,0.0,1.0,0.0,0.0,0.0,0.0,0.0,0.0,0.0,0.0,0.0,1.0,0.0,2020-10-01,0.7455885621736075,0.3576600161562316
0.2912854896810939,0.0,0.0,0.0,1.0,0.0,0.0,0.0,0.0,0.0,0.0,0.0,0.0,1.0,0.0,0.0,2020-11-01,0.6593065798295281,0.6122562778658759
0.6159000580945433,1.0,0.0,0.0,1.0,0.0,0.0,0.0,0.0,0.0,0.0,0.0,0.0,1.0,0.0,0.0,2020-11-01,0.6804549749478798,0.2912854896810939
0.24623691541585924,0.0,0.0,0.0,1.0,0.0,1.0,0.0,0.0,0.0,0.0,0.0,0.0,0.0,0.0,0.0,2020-12-01,0.6328078399523193,0.6159000580945433
0.5314542641390995,1.0,0.0,0.0,1.0,0.0,1.0,0.0,0.0,0.0,0.0,0.0,0.0,0.0,0.0,0.0,2020-12-01,0.5982550009954882,0.24623691541585924
0.2057479739451352,0.0,0.0,0.0,1.0,0.0,0.0,0.0,1.0,0.0,0.0,0.0,0.0,0.0,0.0,0.0,2021-01-01,0.5616771501514991,0.5314542641390995
0.47430548798393707,1.0,0.0,0.0,1.0,0.0,0.0,0.0,1.0,0.0,0.0,0.0,0.0,0.0,0.0,0.0,2021-01-01,0.5011279861821835,0.2057479739451352
0.16561902574410683,0.0,0.0,0.0,1.0,0.0,0.0,1.0,0.0,0.0,0.0,0.0,0.0,0.0,0.0,0.0,2021-02-01,0.4666538829960081,0.47430548798393707
0.5585852846828288,1.0,0.0,0.0,1.0,0.0,0.0,1.0,0.0,0.0,0.0,0.0,0.0,0.0,0.0,0.0,2021-02-01,0.4782557446371283,0.16561902574410683
0.30215195559207997,0.0,0.0,0.0,1.0,0.0,0.0,0.0,0.0,0.0,0.0,1.0,0.0,0.0,0.0,0.0,2021-03-01,0.5194803515374924,0.5585852846828288
0.6113570991272232,1.0,0.0,0.0,1.0,0.0,0.0,0.0,0.0,0.0,0.0,1.0,0.0,0.0,0.0,0.0,2021-03-01,0.5780868395468243,0.30215195559207997
0.2982197338608133,0.0,0.0,0.0,1.0,0.0,0.0,0.0,0.0,0.0,0.0,0.0,0.0,0.0,0.0,0.0,2021-04-01,0.6347900168786536,0.6113570991272232
0.6020360075806318,1.0,0.0,0.0,1.0,0.0,0.0,0.0,0.0,0.0,0.0,0.0,0.0,0.0,0.0,0.0,2021-04-01,0.653370566565476,0.2982197338608133
0.3529718594125989,0.0,0.0,0.0,1.0,0.0,0.0,0.0,0.0,0.0,0.0,0.0,1.0,0.0,0.0,0.0,2021-05-01,0.6751023511030455,0.6020360075806318
0.6218833769451629,1.0,0.0,0.0,1.0,0.0,0.0,0.0,0.0,0.0,0.0,0.0,1.0,0.0,0.0,0.0,2021-05-01,0.6796036347404557,0.3529718594125989
0.4031716657204531,0.0,0.0,0.0,1.0,0.0,0.0,0.0,0.0,0.0,1.0,0.0,0.0,0.0,0.0,0.0,2021-06-01,0.7244835459270343,0.6218833769451629
0.7074441830253715,1.0,0.0,0.0,1.0,0.0,0.0,0.0,0.0,0.0,1.0,0.0,0.0,0.0,0.0,0.0,2021-06-01,0.769558557586905,0.4031716657204531
0.3633965187752923,0.0,0.0,0.0,1.0,0.0,0.0,0.0,0.0,1.0,0.0,0.0,0.0,0.0,0.0,0.0,2021-07-01,0.7740163867860256,0.7074441830253715
0.6700023469530951,1.0,0.0,0.0,1.0,0.0,0.0,0.0,0.0,1.0,0.0,0.0,0.0,0.0,0.0,0.0,2021-07-01,0.7945931885854798,0.3633965187752923
0.35667222816033467,0.0,0.0,0.0,1.0,1.0,0.0,0.0,0.0,0.0,0.0,0.0,0.0,0.0,0.0,0.0,2021-08-01,0.7747089369004806,0.6700023469530951
0.6658086053135973,1.0,0.0,0.0,1.0,1.0,0.0,0.0,0.0,0.0,0.0,0.0,0.0,0.0,0.0,0.0,2021-08-01,0.7569045859295489,0.35667222816033467
0.3476510789730766,0.0,0.0,0.0,1.0,0.0,0.0,0.0,0.0,0.0,0.0,0.0,0.0,0.0,0.0,1.0,2021-09-01,0.7501714660393679,0.6658086053135973
0.663884175874381,1.0,0.0,0.0,1.0,0.0,0.0,0.0,0.0,0.0,0.0,0.0,0.0,0.0,0.0,1.0,2021-09-01,0.7475551923817834,0.3476510789730766
0.30267635099147794,0.0,0.0,0.0,1.0,0.0,0.0,0.0,0.0,0.0,0.0,0.0,0.0,0.0,1.0,0.0,2021-10-01,0.7244652870428269,0.663884175874381
0.6756577030895684,1.0,0.0,0.0,1.0,0.0,0.0,0.0,0.0,0.0,0.0,0.0,0.0,0.0,1.0,0.0,2021-10-01,0.7286769925886064,0.30267635099147794
0.27705593246051646,0.0,0.0,0.0,1.0,0.0,0.0,0.0,0.0,0.0,0.0,0.0,0.0,1.0,0.0,0.0,2021-11-01,0.6984888497926793,0.6756577030895684
0.7336426547924554,1.0,0.0,0.0,1.0,0.0,0.0,0.0,0.0,0.0,0.0,0.0,0.0,1.0,0.0,0.0,2021-11-01,0.7283192138734568,0.27705593246051646
0.2853449223506052,0.0,0.0,0.0,1.0,0.0,1.0,0.0,0.0,0.0,0.0,0.0,0.0,0.0,0.0,0.0,2021-12-01,0.7209078879039724,0.7336426547924554
0.5993690324557542,1.0,0.0,0.0,1.0,0.0,1.0,0.0,0.0,0.0,0.0,0.0,0.0,0.0,0.0,0.0,2021-12-01,0.6882850604636288,0.2853449223506052
0.29894056587241236,0.0,0.0,0.0,1.0,0.0,0.0,0.0,1.0,0.0,0.0,0.0,0.0,0.0,0.0,0.0,2022-01-01,0.6976434437394152,0.5993690324557542
0.5836327750393415,1.0,0.0,0.0,1.0,0.0,0.0,0.0,1.0,0.0,0.0,0.0,0.0,0.0,0.0,0.0,2022-01-01,0.6334956957071741,0.29894056587241236
0.3275900914145952,0.0,0.0,0.0,1.0,0.0,0.0,1.0,0.0,0.0,0.0,0.0,0.0,0.0,0.0,0.0,2022-02-01,0.6515607222584671,0.5836327750393415
0.7256887683813181,1.0,0.0,0.0,1.0,0.0,0.0,1.0,0.0,0.0,0.0,0.0,0.0,0.0,0.0,0.0,2022-02-01,0.7055780083531458,0.3275900914145952
0.326239145027779,0.0,0.0,0.0,1.0,0.0,0.0,0.0,0.0,0.0,0.0,1.0,0.0,0.0,0.0,0.0,2022-03-01,0.7172515219922385,0.7256887683813181
0.8083486525036935,1.0,0.0,0.0,1.0,0.0,0.0,0.0,0.0,0.0,0.0,1.0,0.0,0.0,0.0,0.0,2022-03-01,0.8133453093491205,0.326239145027779
0.2910302238324917,0.0,0.0,0.0,1.0,0.0,0.0,0.0,0.0,0.0,0.0,0.0,0.0,0.0,0.0,0.0,2022-04-01,0.7977114512485164,0.8083486525036935
0.732537913996565,1.0,0.0,0.0,1.0,0.0,0.0,0.0,0.0,0.0,0.0,0.0,0.0,0.0,0.0,0.0,2022-04-01,0.8006403067871387,0.2910302238324917
0.2759227805783469,0.0,0.0,0.0,1.0,0.0,0.0,0.0,0.0,0.0,0.0,0.0,1.0,0.0,0.0,0.0,2022-05-01,0.7791238475118384,0.732537913996565
0.9172480607222742,1.0,0.0,0.0,1.0,0.0,0.0,0.0,0.0,0.0,0.0,0.0,1.0,0.0,0.0,0.0,2022-05-01,0.825691792308292,0.2759227805783469
0.4465475935836428,0.0,0.0,0.0,1.0,0.0,0.0,0.0,0.0,0.0,1.0,0.0,0.0,0.0,0.0,0.0,2022-06-01,0.8921946724242705,0.9172480607222742
0.8802534943703081,1.0,0.0,0.0,1.0,0.0,0.0,0.0,0.0,0.0,1.0,0.0,0.0,0.0,0.0,0.0,2022-06-01,0.9553613241531173,0.4465475935836428
0.3803105822009939,0.0,0.0,0.0,1.0,0.0,0.0,0.0,0.0,1.0,0.0,0.0,0.0,0.0,0.0,0.0,2022-07-01,1.0,0.8802534943703081
0.8093675988796759,1.0,0.0,0.0,1.0,0.0,0.0,0.0,0.0,1.0,0.0,0.0,0.0,0.0,0.0,0.0,2022-07-01,0.9538677806070496,0.3803105822009939
0.4149918101447696,0.0,0.0,0.0,1.0,1.0,0.0,0.0,0.0,0.0,0.0,0.0,0.0,0.0,0.0,0.0,2022-08-01,0.9403737864226113,0.8093675988796759
0.859764221928434,1.0,0.0,0.0,1.0,1.0,0.0,0.0,0.0,0.0,0.0,0.0,0.0,0.0,0.0,0.0,2022-08-01,0.9316120922720098,0.4149918101447696
0.29569847644035,0.0,0.0,0.0,1.0,0.0,0.0,0.0,0.0,0.0,0.0,0.0,0.0,0.0,0.0,1.0,2022-09-01,0.8954299684696044,0.859764221928434
0.7369622488542232,1.0,0.0,0.0,1.0,0.0,0.0,0.0,0.0,0.0,0.0,0.0,0.0,0.0,0.0,1.0,2022-09-01,0.8644677401332903,0.29569847644035
0.2474920096799413,0.0,0.0,0.0,1.0,0.0,0.0,0.0,0.0,0.0,0.0,0.0,0.0,0.0,1.0,0.0,2022-10-01,0.7928408911993926,0.7369622488542232
0.8157030696674112,1.0,0.0,0.0,1.0,0.0,0.0,0.0,0.0,0.0,0.0,0.0,0.0,0.0,1.0,0.0,2022-10-01,0.7739993075790204,0.2474920096799413
0.30419355420620237,0.0,0.0,0.0,1.0,0.0,0.0,0.0,0.0,0.0,0.0,0.0,0.0,1.0,0.0,0.0,2022-11-01,0.7776320023650909,0.8157030696674112
0.7949335496955747,1.0,0.0,0.0,1.0,0.0,0.0,0.0,0.0,0.0,0.0,0.0,0.0,1.0,0.0,0.0,2022-11-01,0.8024218922416279,0.30419355420620237
0.2661001096011187,0.0,0.0,0.0,1.0,0.0,1.0,0.0,0.0,0.0,0.0,0.0,0.0,0.0,0.0,0.0,2022-12-01,0.8103791528371765,0.7949335496955747
0.6742861413964397,1.0,0.0,0.0,1.0,0.0,1.0,0.0,0.0,0.0,0.0,0.0,0.0,0.0,0.0,0.0,2022-12-01,0.749905952690961,0.2661001096011187
0.244406570186753,0.0,0.0,0.0,1.0,0.0,0.0,0.0,1.0,0.0,0.0,0.0,0.0,0.0,0.0,0.0,2023-01-01,0.7243396340404881,0.6742861413964397
0.6649866413957837,1.0,0.0,0.0,1.0,0.0,0.0,0.0,1.0,0.0,0.0,0.0,0.0,0.0,0.0,0.0,2023-01-01,0.6687712838431358,0.244406570186753
0.24427898831279418,0.0,0.0,0.0,1.0,0.0,0.0,1.0,0.0,0.0,0.0,0.0,0.0,0.0,0.0,0.0,2023-02-01,0.6594400598431689,0.6649866413957837
0.6891271018636904,1.0,0.0,0.0,1.0,0.0,0.0,1.0,0.0,0.0,0.0,0.0,0.0,0.0,0.0,0.0,2023-02-01,0.6657864031252011,0.24427898831279418
0.3078608957386288,0.0,0.0,0.0,1.0,0.0,0.0,0.0,0.0,0.0,0.0,1.0,0.0,0.0,0.0,0.0,2023-03-01,0.6929209631538916,0.6891271018636904
0.8427202695459959,1.0,0.0,0.0,1.0,0.0,0.0,0.0,0.0,0.0,0.0,1.0,0.0,0.0,0.0,0.0,2023-03-01,0.7689240371794155,0.3078608957386288
0.30404157537365034,0.0,0.0,0.0,1.0,0.0,0.0,0.0,0.0,0.0,0.0,0.0,0.0,0.0,0.0,0.0,2023-04-01,0.7944799231173554,0.8427202695459959
0.7553634107150901,1.0,0.0,0.0,1.0,0.0,0.0,0.0,0.0,0.0,0.0,0.0,0.0,0.0,0.0,0.0,2023-04-01,0.8228041245484753,0.30404157537365034
0.3368280565107073,0.0,0.0,0.0,1.0,0.0,0.0,0.0,0.0,0.0,0.0,0.0,1.0,0.0,0.0,0.0,2023-05-01,0.8351911628787166,0.7553634107150901
0.9225547983907099,1.0,0.0,0.0,1.0,0.0,0.0,0.0,0.0,0.0,0.0,0.0,1.0,0.0,0.0,0.0,2023-05-01,0.8693302825755782,0.3368280565107073
0.3567798795879581,0.0,0.0,0.0,1.0,0.0,0.0,0.0,0.0,0.0,1.0,0.0,0.0,0.0,0.0,0.0,2023-06-01,0.8918824201811472,0.9225547983907099
0.7910571075317981,1.0,0.0,0.0,1.0,0.0,0.0,0.0,0.0,0.0,1.0,0.0,0.0,0.0,0.0,0.0,2023-06-01,0.9071458833177467,0.3567798795879581
0.2819194895410613,0.0,0.0,0.0,1.0,0.0,0.0,0.0,0.0,1.0,0.0,0.0,0.0,0.0,0.0,0.0,2023-07-01,0.8836656903826069,0.7910571075317981
0.7224385611594376,1.0,0.0,0.0,1.0,0.0,0.0,0.0,0.0,1.0,0.0,0.0,0.0,0.0,0.0,0.0,2023-07-01,0.7980912869886507,0.2819194895410613
0.21871224489713453,0.0,0.0,0.0,1.0,1.0,0.0,0.0,0.0,0.0,0.0,0.0,0.0,0.0,0.0,0.0,2023-08-01,0.7390503234459104,0.7224385611594376
0.8419300345940169,1.0,0.0,0.0,1.0,1.0,0.0,0.0,0.0,0.0,0.0,0.0,0.0,0.0,0.0,0.0,2023-08-01,0.7608047819670469,0.21871224489713453
0.2843008085485554,0.0,0.0,0.0,1.0,0.0,0.0,0.0,0.0,0.0,0.0,0.0,0.0,0.0,0.0,1.0,2023-09-01,0.761823089907354,0.8419300345940169
0.6923914979391755,1.0,0.0,0.0,1.0,0.0,0.0,0.0,0.0,0.0,0.0,0.0,0.0,0.0,0.0,1.0,2023-09-01,0.748974259925393,0.2843008085485554
0.27996071853656823,0.0,0.0,0.0,1.0,0.0,0.0,0.0,0.0,0.0,0.0,0.0,0.0,0.0,1.0,0.0,2023-10-01,0.7751655458650125,0.6923914979391755
0.8699835002662575,1.0,0.0,0.0,1.0,0.0,0.0,0.0,0.0,0.0,0.0,0.0,0.0,0.0,1.0,0.0,2023-10-01,0.7871618667095845,0.27996071853656823
0.24694921220291785,0.0,0.0,0.0,1.0,0.0,0.0,0.0,0.0,0.0,0.0,0.0,0.0,1.0,0.0,0.0,2023-11-01,0.7711894467934742,0.8699835002662575
0.8085467784895303,1.0,0.0,0.0,1.0,0.0,0.0,0.0,0.0,0.0,0.0,0.0,0.0,1.0,0.0,0.0,2023-11-01,0.8208601730257826,0.24694921220291785
0.28291332896599747,0.0,0.0,0.0,1.0,0.0,1.0,0.0,0.0,0.0,0.0,0.0,0.0,0.0,0.0,0.0,2023-12-01,0.8221227785966696,0.8085467784895303
0.5606959964284646,1.0,0.0,0.0,1.0,0.0,1.0,0.0,0.0,0.0,0.0,0.0,0.0,0.0,0.0,0.0,2023-12-01,0.689864177374135,0.28291332896599747
0.26888190479976576,0.0,0.0,0.0,1.0,0.0,0.0,0.0,1.0,0.0,0.0,0.0,0.0,0.0,0.0,0.0,2024-01-01,0.6992431118862266,0.5606959964284646
0.6583435369256025,1.0,0.0,0.0,1.0,0.0,0.0,0.0,1.0,0.0,0.0,0.0,0.0,0.0,0.0,0.0,2024-01-01,0.6350126778019765,0.26888190479976576
0.27618981313815827,0.0,0.0,0.0,1.0,0.0,0.0,1.0,0.0,0.0,0.0,0.0,0.0,0.0,0.0,0.0,2024-02-01,0.6321375445112568,0.6583435369256025
0.7422850108324172,1.0,0.0,0.0,1.0,0.0,0.0,1.0,0.0,0.0,0.0,0.0,0.0,0.0,0.0,0.0,2024-02-01,0.7097892722546485,0.27618981313815827
0.31066065044770297,0.0,0.0,0.0,1.0,0.0,0.0,0.0,0.0,0.0,0.0,1.0,0.0,0.0,0.0,0.0,2024-03-01,0.7276548451978289,0.7422850108324172
0.6967143784880727,1.0,0.0,0.0,1.0,0.0,0.0,0.0,0.0,0.0,0.0,1.0,0.0,0.0,0.0,0.0,2024-03-01,0.744063118308809,0.31066065044770297
0.34771459070395305,0.0,0.0,0.0,1.0,0.0,0.0,0.0,0.0,0.0,0.0,0.0,0.0,0.0,0.0,0.0,2024-04-01,0.7746487931783833,0.6967143784880727
0.8957181321573048,1.0,0.0,0.0,1.0,0.0,0.0,0.0,0.0,0.0,0.0,0.0,0.0,0.0,0.0,0.0,2024-04-01,0.8402603997122179,0.34771459070395305
0.2922700100623876,0.0,0.0,0.0,1.0,0.0,0.0,0.0,0.0,0.0,0.0,0.0,1.0,0.0,0.0,0.0,2024-05-01,0.832396129921919,0.8957181321573048
0.9124724398198448,1.0,0.0,0.0,1.0,0.0,0.0,0.0,0.0,0.0,0.0,0.0,1.0,0.0,0.0,0.0,2024-05-01,0.9246593446982646,0.2922700100623876
0.2868271812133188,0.0,0.0,0.0,1.0,0.0,0.0,0.0,0.0,0.0,1.0,0.0,0.0,0.0,0.0,0.0,2024-06-01,0.8986224582693892,0.9124724398198448
0.7233061043936515,1.0,0.0,0.0,1.0,0.0,0.0,0.0,0.0,0.0,1.0,0.0,0.0,0.0,0.0,0.0,2024-06-01,0.8248950255635378,0.2868271812133188
0.32485361792446726,0.0,0.0,0.0,1.0,0.0,0.0,0.0,0.0,1.0,0.0,0.0,0.0,0.0,0.0,0.0,2024-07-01,0.8388285416130008,0.7233061043936515
0.8857575553561216,1.0,0.0,0.0,1.0,0.0,0.0,0.0,0.0,1.0,0.0,0.0,0.0,0.0,0.0,0.0,2024-07-01,0.8274046295339449,0.32485361792446726
0.2925549577580977,0.0,0.0,0.0,1.0,1.0,0.0,0.0,0.0,0.0,0.0,0.0,0.0,0.0,0.0,0.0,2024-08-01,0.8298539613191854,0.8857575553561216
0.8343229794962413,1.0,0.0,0.0,1.0,1.0,0.0,0.0,0.0,0.0,0.0,0.0,0.0,0.0,0.0,0.0,2024-08-01,0.8773273846905544,0.2925549577580977
0.20508461519430635,0.0,0.0,0.0,1.0,0.0,0.0,0.0,0.0,0.0,0.0,0.0,0.0,0.0,0.0,1.0,2024-09-01,0.8261113459746265,0.8343229794962413
0.7881190413448951,1.0,0.0,0.0,1.0,0.0,0.0,0.0,0.0,0.0,0.0,0.0,0.0,0.0,0.0,1.0,2024-09-01,0.7843588240384536,0.20508461519430635
0.2989186342526581,0.0,0.0,0.0,1.0,0.0,0.0,0.0,0.0,0.0,0.0,0.0,0.0,0.0,1.0,0.0,2024-10-01,0.7870800815783141,0.7881190413448951
0.9622767614819399,1.0,0.0,0.0,1.0,0.0,0.0,0.0,0.0,0.0,0.0,0.0,0.0,0.0,1.0,0.0,2024-10-01,0.8417961241489736,0.2989186342526581
0.18456191302480843,0.0,0.0,0.0,1.0,0.0,0.0,0.0,0.0,0.0,0.0,0.0,0.0,1.0,0.0,0.0,2024-11-01,0.8330201346616388,0.9622767614819399
0.8595851388983662,1.0,0.0,0.0,1.0,0.0,0.0,0.0,0.0,0.0,0.0,0.0,0.0,1.0,0.0,0.0,2024-11-01,0.8635807165796605,0.18456191302480843
0.26344341640787866,0.0,0.0,0.0,1.0,0.0,1.0,0.0,0.0,0.0,0.0,0.0,0.0,0.0,0.0,0.0,2024-12-01,0.8484106801831175,0.8595851388983662
0.7508666605541605,1.0,0.0,0.0,1.0,0.0,1.0,0.0,0.0,0.0,0.0,0.0,0.0,0.0,0.0,0.0,2024-12-01,0.758006755400928,0.26344341640787866
0.24988352422618595,0.0,0.0,0.0,1.0,0.0,0.0,0.0,1.0,0.0,0.0,0.0,0.0,0.0,0.0,0.0,2025-01-01,0.7859398106323717,0.7508666605541605
0.9999999999999999,1.0,0.0,0.0,1.0,0.0,0.0,0.0,1.0,0.0,0.0,0.0,0.0,0.0,0.0,0.0,2025-01-01,0.8459845033203061,0.24988352422618595
0.19278930557185767,0.0,0.0,0.0,1.0,0.0,0.0,1.0,0.0,0.0,0.0,0.0,0.0,0.0,0.0,0.0,2025-02-01,0.8157711459947063,0.9999999999999999
0.02936158474880228,1.0,0.0,0.0,1.0,0.0,0.0,1.0,0.0,0.0,0.0,0.0,0.0,0.0,0.0,0.0,2025-02-01,0.5072386287837239,0.19278930557185767
0.06244573925382411,0.0,0.0,0.0,1.0,0.0,0.0,0.0,0.0,0.0,0.0,1.0,0.0,0.0,0.0,0.0,2025-03-01,0.427085829368665,0.02936158474880228
0.04819352903288592,1.0,0.0,0.0,1.0,0.0,0.0,0.0,0.0,0.0,0.0,1.0,0.0,0.0,0.0,0.0,2025-03-01,0.020071026240089745,0.06244573925382411
